name,marks
Pooja Sharma,44
Kavya Desai,98
Asha Reddy,26
Amit Verma,21
Rohan Reddy,19
Pooja Desai,68
John Desai,20
Amit Kumar,39
Deepak Naik,41
Kiran Verma,45
Anita Reddy,41
Meena Naik,34
John Patil,73
Rohan Patil,50
Kiran Naik,52
Deepak Desai,40
Meena Verma,13
Arjun Desai,50
Neha Joshi,6
Sneha Kumar,56
Ravi Reddy,10
Kiran Naik,88
Suresh Naik,2
Deepak Desai,64
Rahul Desai,36
Rohan Singh,31
Sunita Sharma,79
Meena Naik,95
Pooja Joshi,49
Sneha Gupta,39
Pooja Joshi,33
Sunita Naik,100
Amit Joshi,29
Suresh Reddy,65
Rahul Gupta,31
Suresh Kumar,54
Neha Gupta,31
Anita Verma,100
Asha Desai,57
Amit Reddy,92
Sneha Verma,30
Sunita Singh,49
Meena Naik,74
Suresh Singh,66
Vikas Verma,57
Amit Sharma,45
Vikas Singh,85
Vikas Gupta,80
Nisha Sharma,53
Ravi Joshi,45
Rohan Verma,44
Sunita Naik,52
Priya Singh,97
Deepak Desai,86
Kiran Gupta,67
Amit Sharma,0
Nisha Sharma,64
Asha Naik,8
Kavya Sharma,39
Suresh Joshi,67
Sneha Singh,68
John Desai,15
Pooja Sharma,66
Ravi Desai,8
Asha Verma,20
Priya Verma,99
Priya Reddy,4
Nisha Desai,10
Suresh Desai,18
Ravi Singh,39
Kiran Desai,30
Sunita Joshi,30
Neha Kumar,16
Deepak Reddy,44
Rahul Joshi,92
Arjun Desai,28
Deepak Reddy,88
Deepak Joshi,24
Ravi Patil,73
Ravi Reddy,67
Neha Patil,2
Pooja Reddy,45
Asha Desai,0
Arjun Gupta,9
Suresh Naik,94
Deepak Singh,13
Priya Sharma,47
Priya Naik,52
Priya Gupta,61
Kiran Patil,24
Kiran Kumar,98
Sneha Gupta,56
Asha Naik,75
Amit Joshi,94
Suresh Joshi,26
Suresh Gupta,69
Deepak Sharma,98
Ravi Verma,68
Priya Singh,78
Rahul Gupta,97
Neha Sharma,45
Pooja Reddy,77
John Desai,53
Pooja Singh,3
John Naik,51
Sneha Patil,94
Sunita Desai,57
Suresh Desai,99
Ravi Patil,31
Asha Gupta,35
Meena Naik,20
Meena Patil,18
Deepak Naik,53
Rahul Sharma,22
Deepak Verma,95
Neha Reddy,66
Sunita Gupta,85
Kavya Kumar,71
Asha Naik,13
Amit Desai,8
Kiran Desai,41
Kavya Sharma,62
Anita Gupta,47
Suresh Verma,8
Pooja Naik,24
Suresh Gupta,8
Ravi Verma,5
John Gupta,22
Ravi Reddy,6
Anita Kumar,64
Vikas Gupta,50
John Joshi,44
Neha Joshi,22
John Sharma,23
John Kumar,94
Pooja Singh,13
Sneha Verma,18
Asha Reddy,57
Rohan Naik,16
Meena Reddy,50
Amit Desai,51
Sneha Reddy,97
Kiran Kumar,31
Suresh Singh,24
Kiran Sharma,16
Meena Desai,75
Asha Sharma,32
Neha Patil,41
Vikas Patil,0
Priya Singh,91
Vikas Naik,80
Kavya Desai,41
Anita Desai,74
Nisha Reddy,16
Pooja Naik,46
Amit Desai,34
Suresh Singh,84
Priya Gupta,64
Rahul Singh,36
Amit Naik,45
Deepak Patil,0
Kiran Reddy,69
Anita Gupta,57
Ravi Gupta,36
Priya Joshi,26
Rohan Naik,43
Asha Desai,72
Pooja Desai,25
Asha Sharma,87
Nisha Verma,73
Suresh Sharma,46
Arjun Verma,51
Sneha Gupta,67
Meena Kumar,45
Nisha Reddy,96
Meena Kumar,98
Vikas Singh,70
Ravi Reddy,20
Asha Singh,86
Kiran Sharma,22
Rahul Kumar,35
Vikas Gupta,33
Anita Joshi,66
Asha Verma,89
Arjun Gupta,20
Neha Desai,54
Sunita Reddy,80
Vikas Singh,92
Rohan Sharma,15
Anita Verma,85
Neha Reddy,5
Meena Kumar,86
Pooja Sharma,83
Priya Naik,63
Kiran Joshi,10
Nisha Desai,51
Arjun Reddy,89
Kiran Singh,90
Kiran Desai,40
Sunita Verma,38
Priya Naik,51
Rahul Kumar,29
Kiran Kumar,79
Arjun Patil,25
Suresh Naik,100
Vikas Verma,29
Asha Kumar,85
Asha Singh,57
Sneha Verma,98
Arjun Kumar,3
Neha Reddy,18
Neha Reddy,12
Pooja Reddy,39
John Singh,79
Deepak Joshi,94
John Gupta,46
Anita Joshi,47
Ravi Gupta,79
Anita Sharma,97
Rohan Kumar,61
Asha Singh,87
Kiran Verma,87
John Kumar,74
Meena Singh,70
Anita Verma,79
Ravi Reddy,75
Asha Patil,53
Nisha Gupta,0
Vikas Desai,0
Pooja Sharma,65
Ravi Joshi,42
Sneha Verma,7
Priya Joshi,79
Amit Verma,7
Ravi Verma,22
Pooja Gupta,17
Priya Kumar,73
Priya Verma,24
Suresh Desai,17
Neha Singh,30
Nisha Joshi,56
Nisha Singh,84
Nisha Joshi,77
John Joshi,44
Nisha Naik,56
Sneha Desai,3
Meena Joshi,17
Nisha Joshi,84
Arjun Sharma,71
Meena Reddy,59
Arjun Verma,31
Priya Patil,90
Nisha Verma,48
Neha Sharma,66
John Verma,94
Asha Patil,87
Nisha Reddy,23
Arjun Naik,36
Vikas Singh,23
Vikas Kumar,41
Deepak Desai,76
Kiran Gupta,27
Meena Joshi,80
Priya Sharma,62
John Gupta,34
Kiran Kumar,0
Kavya Desai,98
Kavya Joshi,72
Arjun Verma,5
Rohan Reddy,57
Deepak Reddy,26
Anita Reddy,9
Kavya Singh,83
Arjun Desai,67
Rahul Desai,40
Kiran Kumar,55
Arjun Patil,26
Vikas Patil,56
Kiran Singh,56
Suresh Gupta,39
Deepak Naik,12
Nisha Gupta,42
Meena Desai,56
Anita Sharma,54
Priya Naik,32
Rohan Gupta,84
Priya Gupta,80
John Desai,62
John Patil,5
Anita Naik,55
John Reddy,15
Sunita Verma,18
Asha Singh,5
Priya Reddy,83
Suresh Joshi,32
Neha Kumar,62
Arjun Patil,87
Rohan Patil,33
Rahul Patil,59
Amit Singh,17
Anita Patil,34
Ravi Naik,77
Rohan Reddy,29
Sneha Naik,2
Rohan Gupta,66
Rahul Joshi,55
Sneha Gupta,0
Pooja Verma,21
Ravi Gupta,16
John Sharma,90
Kiran Naik,76
Rohan Gupta,14
Pooja Naik,98
Vikas Joshi,21
Ravi Kumar,62
Sunita Naik,31
Meena Desai,95
Asha Sharma,43
Kavya Kumar,26
Vikas Naik,21
Arjun Reddy,19
Arjun Patil,25
Sunita Naik,59
Priya Reddy,76
Asha Joshi,64
Sneha Patil,75
Rahul Naik,95
Arjun Verma,10
Anita Gupta,75
Nisha Singh,60
Suresh Sharma,15
Kavya Desai,43
Anita Gupta,50
Rahul Naik,41
Arjun Reddy,9
Rohan Kumar,56
Deepak Joshi,89
Arjun Gupta,48
Nisha Singh,29
Kiran Naik,86
Deepak Verma,86
Suresh Desai,67
Arjun Patil,28
Arjun Singh,74
Neha Verma,36
Ravi Kumar,61
Sunita Gupta,84
Rohan Sharma,65
Rohan Joshi,77
Meena Joshi,22
Priya Desai,49
Asha Singh,14
Rohan Verma,66
Arjun Verma,19
Nisha Singh,69
Pooja Gupta,85
Suresh Verma,53
Amit Naik,44
Suresh Joshi,80
Kiran Naik,33
Anita Reddy,25
Arjun Desai,0
Sneha Patil,33
Pooja Sharma,23
Deepak Reddy,79
Priya Verma,21
Amit Naik,15
Neha Desai,70
Suresh Sharma,14
Nisha Kumar,92
Neha Joshi,4
John Kumar,57
Priya Kumar,26
John Patil,74
Rohan Singh,77
Neha Patil,60
Deepak Joshi,74
Kavya Verma,18
Arjun Verma,22
Arjun Joshi,82
Amit Sharma,84
Amit Reddy,68
Neha Desai,27
Kiran Verma,61
Kavya Kumar,58
Rohan Joshi,91
Pooja Sharma,74
Kavya Reddy,95
Amit Kumar,15
Anita Reddy,85
Sneha Verma,0
Sunita Reddy,98
Amit Singh,13
Nisha Patil,82
Kiran Reddy,38
Vikas Reddy,40
Rahul Joshi,35
Meena Sharma,55
Kiran Desai,33
Nisha Desai,98
Asha Singh,97
Asha Kumar,12
Meena Gupta,90
Kiran Desai,90
Sunita Verma,79
Vikas Verma,98
Rahul Gupta,32
Sneha Reddy,66
Nisha Patil,75
Amit Patil,38
Suresh Verma,27
Vikas Kumar,34
Suresh Kumar,31
Priya Verma,11
Neha Singh,78
Kiran Gupta,9
Rohan Sharma,17
Nisha Kumar,38
Kavya Verma,99
John Naik,87
Ravi Desai,61
Priya Patil,38
Sunita Patil,10
Kavya Joshi,53
Pooja Singh,94
Deepak Verma,79
Kiran Desai,68
Rahul Singh,34
John Joshi,92
Ravi Kumar,48
Kiran Kumar,13
Kavya Singh,35
Vikas Reddy,16
Ravi Desai,52
Rohan Sharma,41
Neha Gupta,32
John Sharma,0
Asha Gupta,52
Neha Kumar,47
Amit Gupta,67
Kiran Sharma,94
Suresh Kumar,41
Asha Sharma,34
Asha Joshi,87
Anita Verma,45
Anita Gupta,26
Meena Naik,22
Neha Joshi,36
Nisha Kumar,21
Neha Sharma,9
Deepak Sharma,91
Kiran Desai,17
Asha Verma,1
Anita Patil,26
Asha Patil,30
Kavya Joshi,35
Nisha Sharma,42
Nisha Verma,60
Amit Joshi,58
Neha Kumar,79
Sneha Naik,60
Pooja Verma,47
Anita Singh,17
Vikas Patil,79
Kiran Naik,15
Rahul Singh,41
Sneha Singh,83
John Desai,0
Amit Reddy,78
Ravi Naik,65
Deepak Sharma,75
Kavya Naik,30
Kavya Naik,54
Ravi Sharma,73
Sneha Joshi,93
Kiran Sharma,37
Sneha Verma,94
Arjun Naik,72
Amit Gupta,22
Rahul Naik,94
Pooja Kumar,35
Neha Reddy,5
Amit Sharma,39
Sneha Singh,50
Asha Singh,95
Rohan Sharma,93
Kavya Singh,54
Vikas Joshi,100
Arjun Naik,96
Asha Singh,83
Rahul Patil,18
Arjun Reddy,5
Sneha Kumar,75
Neha Joshi,61
Pooja Gupta,24
Suresh Singh,36
Vikas Sharma,37
Nisha Patil,49
Anita Patil,39
Kiran Desai,48
Sneha Naik,93
Sneha Singh,93
Sunita Gupta,92
Sneha Sharma,36
Anita Patil,23
Arjun Patil,28
Pooja Sharma,25
Rohan Patil,14
Vikas Desai,0
Rahul Joshi,65
John Gupta,51
Suresh Desai,45
Suresh Singh,1
Neha Joshi,27
Ravi Singh,71
Amit Sharma,69
Anita Naik,32
Rahul Desai,83
Kavya Sharma,99
Rohan Naik,23
Nisha Desai,21
John Verma,86
Sunita Verma,97
John Singh,71
Rohan Patil,53
Nisha Naik,63
Sunita Desai,74
Vikas Desai,35
Ravi Joshi,26
Priya Naik,86
Rahul Joshi,78
Vikas Verma,25
Pooja Gupta,0
Amit Verma,3
Meena Sharma,98
Priya Joshi,80
Meena Sharma,65
John Desai,16
Deepak Naik,97
Deepak Verma,29
Kavya Gupta,42
Nisha Naik,80
Ravi Naik,16
Arjun Joshi,60
Kavya Singh,0
Suresh Desai,26
Deepak Desai,45
Kiran Verma,68
Sneha Reddy,14
Nisha Kumar,18
Anita Naik,1
Asha Naik,44
Deepak Patil,67
Priya Reddy,0
Pooja Sharma,50
Pooja Patil,44
Ravi Gupta,50
Suresh Sharma,44
Amit Joshi,31
Rohan Patil,65
Ravi Joshi,18
Sneha Patil,52
Suresh Patil,54
Pooja Sharma,31
Kiran Gupta,19
Sunita Reddy,26
Nisha Patil,17
Sunita Verma,64
Sunita Sharma,35
Arjun Verma,55
Kavya Naik,54
Priya Patil,72
Priya Joshi,78
John Patil,12
Suresh Verma,37
Amit Reddy,86
Meena Verma,26
John Naik,60
Neha Desai,67
Sneha Sharma,66
Vikas Singh,46
Ravi Naik,8
Sneha Patil,51
Kiran Kumar,68
Asha Reddy,80
Vikas Desai,99
Amit Sharma,35
Rohan Naik,88
Kiran Sharma,91
Rohan Reddy,77
Ravi Verma,37
Meena Patil,89
Pooja Naik,19
Amit Gupta,48
Sunita Singh,47
Sunita Patil,86
Nisha Kumar,99
Sneha Joshi,39
John Singh,10
Arjun Naik,46
Sneha Patil,29
Neha Singh,23
Deepak Verma,82
Sneha Naik,36
Ravi Sharma,36
Asha Singh,7
Sunita Reddy,22
Kiran Reddy,83
Kavya Naik,97
Pooja Patil,60
Anita Sharma,5
Ravi Sharma,76
Neha Singh,44
Kavya Verma,42
Ravi Patil,73
Asha Kumar,63
Ravi Desai,75
Neha Reddy,5
Suresh Sharma,31
Rohan Desai,79
Neha Gupta,5
Meena Singh,24
Vikas Naik,60
Nisha Kumar,79
Deepak Singh,96
Nisha Verma,55
Kavya Sharma,36
Suresh Singh,76
Suresh Joshi,77
Vikas Naik,28
Ravi Naik,65
Rahul Kumar,40
Anita Kumar,8
Kavya Verma,6
Vikas Kumar,30
Suresh Reddy,14
Pooja Singh,67
Priya Naik,13
Priya Desai,35
Deepak Gupta,67
Sneha Kumar,23
Nisha Gupta,6
Kiran Patil,70
Suresh Reddy,14
Anita Verma,32
John Sharma,79
Anita Singh,58
Pooja Verma,27
Priya Naik,90
John Desai,21
Meena Sharma,40
Rohan Sharma,94
Priya Reddy,50
Vikas Naik,5
Priya Gupta,20
Ravi Reddy,66
Kiran Sharma,11
Meena Gupta,40
Asha Reddy,27
Pooja Gupta,67
Sunita Reddy,69
Suresh Reddy,28
Ravi Joshi,8
Suresh Kumar,7
Anita Singh,48
John Joshi,7
Suresh Patil,11
Rahul Joshi,42
Sneha Naik,0
Nisha Kumar,4
Vikas Reddy,7
Kavya Joshi,6
Kiran Kumar,32
Ravi Desai,3
Amit Kumar,42
Kiran Joshi,50
Amit Patil,35
Rahul Sharma,81
Kavya Joshi,13
Nisha Patil,53
Arjun Desai,59
John Joshi,76
Neha Joshi,22
Pooja Desai,87
Sneha Gupta,83
Rahul Patil,65
Sneha Naik,87
Rahul Sharma,40
Amit Joshi,93
Asha Patil,66
Suresh Desai,98
Anita Verma,17
Deepak Gupta,81
Vikas Verma,18
John Kumar,14
Meena Singh,97
Anita Verma,89
John Singh,32
Suresh Sharma,87
Sunita Joshi,52
John Naik,32
Pooja Reddy,42
Pooja Kumar,94
Sneha Patil,1
Deepak Desai,80
Kavya Patil,70
Vikas Sharma,81
Amit Verma,1
Meena Naik,89
Amit Sharma,97
Sunita Kumar,62
Nisha Singh,87
Kavya Joshi,6
Anita Desai,2
Vikas Patil,22
Deepak Patil,35
Anita Desai,45
Nisha Reddy,81
Amit Joshi,92
Sneha Reddy,59
Pooja Gupta,36
Meena Desai,30
Sunita Naik,52
Sneha Desai,90
Amit Joshi,84
Anita Singh,54
John Verma,6
Asha Joshi,71
Suresh Gupta,27
Sunita Patil,40
Pooja Sharma,34
Rahul Joshi,91
Ravi Reddy,69
Arjun Singh,54
Priya Joshi,87
Asha Verma,26
Ravi Reddy,34
Sunita Kumar,34
Kiran Sharma,43
Pooja Kumar,12
Rahul Verma,49
Kiran Sharma,87
Meena Verma,95
Pooja Kumar,26
Kiran Desai,38
Deepak Sharma,60
Rohan Joshi,32
Rahul Joshi,86
Pooja Kumar,43
Kiran Joshi,18
Arjun Sharma,55
Suresh Reddy,71
Kavya Desai,47
Sneha Desai,96
Deepak Verma,80
Meena Verma,35
Suresh Desai,8
Rahul Verma,42
Meena Joshi,24
Pooja Verma,73
Neha Reddy,94
John Gupta,7
Anita Joshi,63
Neha Singh,46
Vikas Gupta,57
Sunita Kumar,74
Suresh Kumar,22
Kavya Desai,55
Rohan Desai,26
Kiran Naik,13
Asha Reddy,76
Amit Singh,73
Rohan Sharma,63
Anita Sharma,46
Nisha Verma,82
Sneha Kumar,81
Meena Naik,53
Sunita Patil,87
Anita Gupta,80
Kiran Patil,51
Nisha Naik,77
Arjun Kumar,62
Sunita Sharma,3
Asha Reddy,13
Deepak Singh,12
Priya Naik,57
Priya Joshi,52
Pooja Sharma,1
Vikas Gupta,68
Asha Singh,95
Sneha Verma,35
Pooja Gupta,67
Sneha Desai,1
Priya Verma,14
Arjun Verma,71
Nisha Verma,98
Kavya Sharma,50
Rohan Naik,16
Suresh Verma,71
Neha Joshi,81
Suresh Patil,93
Suresh Verma,45
Neha Reddy,77
Amit Desai,5
Nisha Reddy,23
Vikas Patil,89
Kiran Patil,76
Nisha Naik,26
Neha Reddy,25
Kavya Verma,38
John Gupta,81
Deepak Kumar,44
John Joshi,9
Arjun Singh,42
Neha Kumar,61
John Singh,21
Kiran Verma,75
Nisha Kumar,48
Deepak Sharma,28
Ravi Gupta,95
Kiran Sharma,31
Neha Singh,81
Rohan Desai,64
Amit Patil,38
Meena Desai,17
Anita Verma,32
Deepak Desai,88
Amit Patil,79
John Joshi,71
Deepak Kumar,77
Rohan Patil,95
Rahul Desai,77
Neha Patil,24
Rohan Verma,29
Sneha Desai,75
Sneha Joshi,13
John Sharma,72
Meena Patil,17
Amit Joshi,5
Asha Sharma,1
Vikas Singh,13
Pooja Verma,75
Priya Desai,87
Rohan Sharma,66
Rohan Sharma,16
Suresh Reddy,76
Rohan Reddy,9
Priya Gupta,38
Rohan Naik,45
John Patil,49
Vikas Gupta,38
Amit Reddy,88
Priya Naik,50
Kavya Singh,95
Meena Kumar,33
Sneha Singh,62
Priya Sharma,75
Deepak Sharma,3
Nisha Sharma,72
Amit Kumar,43
Kiran Verma,94
Asha Kumar,89
Sunita Kumar,25
Neha Joshi,28
Vikas Kumar,92
Pooja Naik,3
Sneha Gupta,77
Sunita Gupta,23
Nisha Verma,83
Neha Desai,91
Deepak Singh,78
Rahul Kumar,16
Vikas Desai,73
Sunita Reddy,35
Kiran Sharma,36
Meena Verma,97
Anita Joshi,61
Sneha Gupta,38
Neha Singh,16
Meena Sharma,92
Sneha Reddy,60
Deepak Sharma,35
Pooja Verma,20
Vikas Kumar,0
Neha Verma,82
Meena Naik,89
Anita Gupta,41
Rahul Reddy,37
Neha Desai,75
Sunita Naik,11
Rohan Reddy,43
Vikas Patil,73
Priya Verma,8
Vikas Kumar,72
Anita Joshi,73
Meena Patil,35
Anita Singh,65
Sunita Verma,87
Kavya Naik,14
Amit Patil,16
John Reddy,12
Vikas Verma,86
John Desai,40
Suresh Singh,32
Suresh Joshi,60
Vikas Joshi,38
Kavya Patil,43
Rahul Patil,11
Pooja Patil,12
Sneha Naik,48
Nisha Verma,82
Asha Naik,15
Rahul Reddy,2
Amit Patil,5
Asha Desai,76
Vikas Joshi,56
Priya Reddy,11
John Desai,73
Rahul Reddy,57
Sunita Desai,45
Suresh Desai,29
Deepak Verma,4
Rahul Joshi,27
Rohan Singh,93
Suresh Verma,21
Kavya Naik,90
Rohan Patil,42
Priya Joshi,47
Rahul Patil,76
John Kumar,22
Vikas Patil,95
John Kumar,36
Nisha Gupta,96
John Naik,90
Arjun Desai,53
Suresh Singh,9
Nisha Patil,49
Pooja Singh,73
Asha Naik,64
Priya Naik,35
Rohan Joshi,95
Arjun Desai,78
Asha Verma,84
Rahul Sharma,58
Meena Gupta,61
Neha Kumar,12
John Singh,2
Vikas Kumar,69
Kavya Desai,16
Asha Kumar,58
Amit Patil,62
Nisha Naik,34
Pooja Joshi,84
John Patil,35
Kiran Gupta,2
Rahul Kumar,23
Rahul Singh,60
Ravi Gupta,44
Amit Joshi,43
Asha Joshi,10
Arjun Patil,7
Kiran Singh,76
Anita Joshi,20
Amit Sharma,73
Ravi Joshi,2
Ravi Sharma,9
Rahul Singh,22
Meena Sharma,57
Pooja Singh,18
Deepak Patil,69
Anita Gupta,33
Pooja Sharma,54
Priya Singh,88
Meena Gupta,36
Asha Kumar,86
Sunita Patil,15
John Patil,4
Arjun Desai,53
Deepak Gupta,43
Priya Sharma,52
Rohan Gupta,97
Priya Desai,60
Priya Joshi,79
Nisha Kumar,9
Ravi Naik,54
Neha Gupta,76
Amit Sharma,63
Kavya Naik,6
Deepak Reddy,54
Pooja Singh,63
Rahul Patil,28
Nisha Verma,100
Sneha Joshi,96
Asha Joshi,99
Asha Reddy,11
Vikas Gupta,15
Suresh Joshi,63
Sunita Reddy,37
Kavya Joshi,28
Ravi Kumar,3
Suresh Singh,28
Meena Verma,50
Neha Reddy,84
Amit Desai,72
Rohan Naik,60
Sunita Reddy,26
Rohan Kumar,13
Kiran Patil,53
Pooja Sharma,96
Sneha Singh,33
Ravi Patil,16
Priya Patil,79
Rahul Desai,77
Neha Verma,14
Priya Desai,59
Kavya Singh,26
Anita Desai,71
Vikas Verma,36
Nisha Singh,73
Anita Naik,75
Pooja Verma,48
Amit Gupta,5
Neha Naik,60
Vikas Sharma,60
Sunita Gupta,24
Sunita Kumar,25
Neha Joshi,57
Suresh Verma,12
Vikas Gupta,40
Nisha Singh,24
Kavya Joshi,34
Rohan Gupta,2
Meena Sharma,79
Pooja Kumar,99
Neha Desai,2
Rohan Patil,99
Suresh Singh,56
Nisha Singh,33
Ravi Kumar,81
Ravi Singh,7
Nisha Desai,18
Anita Desai,76
Amit Kumar,32
Amit Reddy,68
Neha Verma,20
Neha Naik,46
Ravi Joshi,59
Deepak Patil,21
Sneha Reddy,13
Anita Sharma,32
Neha Joshi,91
Sunita Desai,15
Nisha Naik,98
Pooja Reddy,33
Sneha Reddy,37
John Gupta,30
Vikas Singh,60
Rahul Gupta,94
Arjun Verma,24
Vikas Kumar,13
John Joshi,1
Vikas Reddy,77
Priya Naik,80
Rahul Reddy,71
Neha Kumar,28
Kavya Verma,79
Rohan Gupta,43
Kiran Reddy,83
John Desai,30
Priya Desai,69
Pooja Gupta,11
Suresh Desai,25
Vikas Gupta,57
Suresh Singh,33
Pooja Kumar,9
Ravi Reddy,47
Neha Gupta,78
Ravi Naik,92
Sneha Joshi,11
Sunita Sharma,26
Meena Singh,18
Nisha Patil,99
Sunita Gupta,37
Kavya Patil,9
Kavya Patil,58
Ravi Desai,73
Kiran Verma,14
Sunita Desai,44
Priya Joshi,80
John Sharma,74
Ravi Singh,49
Anita Singh,73
Rohan Sharma,100
Amit Kumar,19
Suresh Reddy,89
John Singh,80
Neha Verma,79
Ravi Patil,8
Anita Kumar,90
Anita Verma,27
Kavya Reddy,32
Ravi Patil,23
Sneha Kumar,57
Suresh Gupta,9
Neha Kumar,20
Pooja Joshi,29
Rohan Sharma,73
Kiran Joshi,32
Rohan Desai,85
Meena Patil,5
Nisha Joshi,36
Suresh Desai,73
Ravi Verma,24
Sunita Reddy,90
Arjun Naik,63
Rahul Joshi,39
Kavya Sharma,90
Arjun Kumar,94
Ravi Reddy,69
Pooja Reddy,45
Sneha Desai,3
Kavya Verma,11
Kavya Desai,76
Neha Kumar,71
Kavya Kumar,23
John Singh,6
Sunita Sharma,74
Kiran Sharma,33
Sneha Patil,75
Meena Reddy,28
Kiran Desai,31
Deepak Joshi,93
Arjun Singh,5
Ravi Verma,33
Arjun Singh,17
Kavya Kumar,50
Vikas Joshi,46
Anita Singh,51
Ravi Naik,35
Suresh Desai,89
Arjun Sharma,71
Kavya Desai,34
Suresh Kumar,83
Priya Desai,10
Neha Reddy,92
Pooja Verma,35
Nisha Gupta,55
Anita Sharma,91
Amit Sharma,69
Kiran Desai,70
Arjun Singh,64
John Naik,89
Arjun Desai,15
Rohan Verma,9
Ravi Joshi,71
Ravi Joshi,20
Meena Sharma,53
Nisha Reddy,23
Rahul Kumar,44
Rohan Singh,32
Priya Patil,42
Neha Singh,53
Kavya Gupta,97
Rohan Patil,38
Anita Verma,90
Deepak Joshi,83
Ravi Sharma,71
Rahul Verma,4
Rohan Reddy,4
Amit Singh,86
Priya Gupta,60
Neha Desai,78
Neha Patil,56
Rahul Gupta,45
Neha Gupta,58
Suresh Gupta,75
Amit Kumar,5
Amit Naik,100
Arjun Gupta,75
Amit Desai,42
Neha Naik,65
Nisha Sharma,41
Sunita Patil,94
Neha Kumar,18
Neha Sharma,26
Ravi Verma,92
Arjun Kumar,18
Pooja Desai,70
Deepak Naik,28
Pooja Kumar,59
Sunita Kumar,99
Rahul Verma,53
Anita Singh,32
Asha Naik,55
Kavya Desai,54
Neha Naik,40
Nisha Patil,5
Neha Singh,10
Neha Sharma,0
John Singh,14
Kiran Verma,20
Priya Joshi,42
Vikas Singh,46
Ravi Sharma,94
John Joshi,29
Deepak Reddy,3
Anita Joshi,42
Meena Gupta,1
Ravi Gupta,7
Nisha Verma,9
Sunita Sharma,67
Neha Verma,65
Neha Joshi,40
Asha Desai,0
Neha Kumar,51
Pooja Kumar,86
Pooja Reddy,99
Amit Naik,23
Kiran Verma,1
Kiran Sharma,43
Asha Joshi,61
Priya Gupta,78
Neha Sharma,23
Suresh Desai,12
Amit Kumar,42
Amit Patil,2
John Joshi,7
Vikas Patil,33
Asha Kumar,39
Meena Sharma,16
John Singh,78
Amit Desai,7
Suresh Naik,100
Amit Sharma,56
Kiran Patil,28
Vikas Naik,87
Arjun Patil,21
Anita Gupta,100
Vikas Naik,23
Deepak Patil,73
Neha Patil,13
Kavya Reddy,21
Suresh Reddy,22
Amit Sharma,48
Kiran Reddy,46
Kavya Desai,16
Rahul Singh,82
Suresh Patil,48
Rohan Reddy,3
Suresh Sharma,19
Vikas Kumar,33
Rohan Patil,21
Priya Naik,96
Sneha Patil,46
Sunita Joshi,33
Amit Singh,92
Sneha Gupta,89
Vikas Verma,53
Amit Kumar,4
Kiran Reddy,72
Kiran Kumar,76
Arjun Kumar,30
Vikas Patil,66
Meena Joshi,73
Kiran Gupta,50
Arjun Kumar,47
Nisha Verma,14
Amit Kumar,32
Rahul Singh,76
Rahul Joshi,12
Pooja Joshi,60
Sunita Desai,79
Nisha Singh,91
Anita Kumar,67
Arjun Verma,17
Deepak Verma,72
John Gupta,33
Suresh Verma,67
Pooja Sharma,93
Priya Gupta,0
Kiran Joshi,59
John Kumar,63
Kavya Singh,3
Arjun Joshi,76
Vikas Singh,69
Kavya Patil,90
Pooja Naik,72
Anita Gupta,50
Pooja Sharma,55
Vikas Kumar,26
Rahul Sharma,1
John Reddy,36
Meena Gupta,80
Deepak Naik,66
Sneha Joshi,100
Kavya Reddy,73
Pooja Joshi,65
Nisha Joshi,3
Vikas Singh,75
Anita Verma,62
Asha Sharma,69
Sneha Joshi,24
Suresh Naik,58
Priya Gupta,35
Sunita Patil,49
Asha Joshi,10
Vikas Desai,24
Priya Verma,47
Amit Verma,32
Asha Patil,89
Sneha Naik,87
Sneha Singh,57
Amit Singh,60
Meena Desai,95
Amit Reddy,77
Kavya Singh,15
Priya Gupta,43
Kiran Gupta,61
Rohan Reddy,17
Arjun Desai,32
Amit Kumar,46
Amit Sharma,100
Priya Verma,40
John Verma,37
Anita Naik,72
Rohan Reddy,77
Sneha Kumar,35
Kavya Desai,48
Deepak Reddy,44
Deepak Joshi,49
Anita Kumar,59
Priya Verma,32
John Patil,35
Kavya Naik,41
Rahul Singh,22
Sunita Singh,91
Rahul Kumar,74
Deepak Verma,45
Amit Patil,42
Sunita Reddy,13
Asha Sharma,44
John Sharma,88
Rahul Singh,34
Anita Naik,80
Kiran Patil,41
John Singh,15
Amit Reddy,22
Pooja Naik,17
Anita Naik,77
Ravi Naik,67
Meena Kumar,92
John Kumar,57
Meena Patil,78
Amit Gupta,66
Kavya Naik,96
Arjun Patil,15
Rohan Joshi,91
Asha Reddy,38
Arjun Kumar,99
Sunita Sharma,97
Kiran Joshi,68
Vikas Gupta,39
Sneha Sharma,78
Priya Singh,77
Meena Desai,34
Vikas Desai,77
Asha Naik,98
Kavya Kumar,19
Arjun Patil,31
Vikas Verma,48
Sneha Naik,65
Arjun Naik,13
John Desai,6
Sunita Joshi,67
Ravi Gupta,68
Vikas Verma,45
Sneha Joshi,31
Pooja Verma,82
Meena Sharma,26
Pooja Verma,13
Rohan Gupta,47
Sunita Naik,88
Meena Patil,99
Anita Verma,10
Asha Verma,89
Deepak Joshi,48
John Sharma,31
Asha Gupta,48
Asha Desai,55
Priya Sharma,61
Nisha Desai,17
Pooja Verma,79
Pooja Kumar,8
Sneha Singh,1
Vikas Reddy,51
Ravi Desai,65
Sneha Verma,25
Sneha Gupta,98
Neha Patil,88
Sneha Naik,71
Meena Naik,76
Deepak Kumar,81
Priya Kumar,38
Anita Desai,63
John Reddy,33
Vikas Patil,97
Meena Reddy,68
John Naik,18
Kiran Sharma,15
Sneha Singh,44
Meena Naik,51
Kavya Reddy,84
Pooja Singh,50
Anita Sharma,21
Deepak Joshi,16
Kiran Reddy,85
Arjun Joshi,14
Priya Patil,64
Amit Joshi,56
Nisha Naik,85
Priya Reddy,10
Rohan Joshi,54
Sneha Desai,63
Suresh Desai,15
Anita Patil,65
Meena Singh,6
Sneha Joshi,41
Sunita Reddy,25
Priya Singh,20
Rahul Gupta,7
Arjun Verma,99
Ravi Kumar,14
Suresh Desai,18
Kiran Kumar,78
Kavya Gupta,84
Ravi Singh,25
Sneha Singh,64
Neha Kumar,18
Meena Sharma,30
Amit Gupta,31
Rohan Joshi,52
Vikas Verma,99
Arjun Verma,16
Neha Singh,15
Asha Reddy,27
Kiran Gupta,2
Ravi Reddy,94
Pooja Desai,29
Arjun Naik,11
Vikas Reddy,50
Asha Gupta,22
Anita Joshi,95
Sunita Verma,62
Asha Gupta,42
Ravi Gupta,75
Amit Gupta,74
Kiran Verma,65
Priya Verma,26
Suresh Verma,64
Neha Verma,37
Neha Reddy,50
Neha Gupta,28
Nisha Singh,6
Neha Reddy,62
Nisha Reddy,3
Suresh Naik,0
Nisha Singh,33
Meena Sharma,49
Deepak Gupta,87
Rahul Joshi,86
Rohan Joshi,24
Meena Desai,69
John Naik,91
Nisha Joshi,4
Pooja Singh,84
Nisha Reddy,22
Neha Naik,15
Kiran Kumar,48
Anita Verma,20
Arjun Singh,6
Deepak Naik,70
Neha Patil,14
John Naik,3
Nisha Desai,16
Kavya Desai,54
Amit Naik,61
Vikas Kumar,64
Suresh Verma,93
Ravi Gupta,99
Arjun Singh,8
Amit Sharma,87
Nisha Singh,9
John Joshi,47
Suresh Kumar,77
Amit Patil,78
Amit Gupta,77
Arjun Reddy,75
Amit Verma,55
Kavya Reddy,22
Rahul Kumar,25
John Sharma,49
Suresh Kumar,1
Rahul Gupta,52
Vikas Kumar,7
Priya Joshi,45
John Naik,49
Kavya Verma,70
Anita Verma,67
Meena Naik,72
Sneha Sharma,51
Priya Reddy,33
Amit Verma,51
John Verma,78
Priya Reddy,31
Kavya Kumar,49
Rahul Kumar,53
Arjun Reddy,1
Kavya Kumar,72
Rahul Kumar,94
Neha Reddy,48
Suresh Gupta,37
Asha Desai,63
Arjun Patil,84
Amit Kumar,84
John Kumar,80
Rohan Desai,34
Rahul Kumar,73
Rahul Patil,50
Pooja Joshi,89
Amit Reddy,31
Sunita Verma,26
Sneha Reddy,12
Vikas Reddy,35
Arjun Singh,93
Nisha Desai,0
Sunita Sharma,13
Meena Verma,27
Vikas Patil,98
Kavya Naik,71
Priya Kumar,71
Sunita Reddy,62
Sunita Naik,12
John Singh,81
Arjun Gupta,64
Meena Gupta,29
Nisha Reddy,66
Neha Gupta,34
Asha Verma,100
Neha Patil,76
Ravi Verma,76
Deepak Joshi,20
John Verma,65
Ravi Patil,64
Kavya Gupta,27
Arjun Patil,2
Sunita Joshi,7
Amit Singh,80
Kiran Reddy,57
Pooja Sharma,23
Neha Singh,29
John Gupta,18
Sneha Verma,26
Rohan Gupta,17
Sunita Joshi,55
Neha Patil,65
Ravi Verma,40
Neha Gupta,32
John Singh,85
Kiran Singh,74
Deepak Reddy,96
Deepak Naik,43
Asha Joshi,73
Anita Kumar,78
Sneha Patil,47
Priya Reddy,46
Priya Desai,20
Arjun Naik,61
Arjun Reddy,55
Anita Kumar,96
Kavya Desai,25
Rohan Joshi,18
Kiran Gupta,60
Meena Reddy,62
Sunita Naik,14
Sneha Gupta,65
Rohan Reddy,32
Deepak Reddy,18
Priya Singh,9
Asha Reddy,31
Vikas Joshi,44
Nisha Singh,38
Rohan Desai,37
Neha Sharma,36
Sunita Kumar,5
Ravi Kumar,29
Kiran Verma,64
Nisha Patil,33
Sunita Joshi,72
Sunita Desai,5
Vikas Kumar,89
Sunita Naik,29
Rohan Desai,36
John Sharma,65
Anita Desai,99
Sneha Desai,96
Deepak Singh,18
John Verma,16
Deepak Desai,86
Sunita Desai,21
Priya Naik,45
Ravi Desai,43
Sunita Desai,61
Rohan Kumar,90
Amit Naik,27
Arjun Sharma,86
Rohan Desai,43
Vikas Reddy,57
Rahul Patil,27
Sneha Patil,92
Asha Joshi,53
Amit Sharma,32
Ravi Naik,23
Pooja Joshi,5
Pooja Verma,1
Ravi Verma,41
Nisha Desai,17
Meena Kumar,0
Kavya Gupta,62
Kavya Gupta,76
Vikas Verma,28
Kavya Joshi,25
Kiran Desai,46
Suresh Desai,21
Asha Desai,58
Rohan Naik,54
Kiran Verma,98
Arjun Naik,25
Anita Singh,99
Ravi Desai,90
Ravi Verma,52
John Naik,19
Anita Desai,57
Arjun Verma,97
Sneha Joshi,15
Rohan Joshi,43
Priya Kumar,74
Sunita Desai,34
Arjun Naik,2
Neha Naik,51
Asha Kumar,85
Meena Sharma,69
Deepak Sharma,23
Deepak Reddy,7
Arjun Reddy,10
Sneha Verma,79
Priya Patil,100
Kiran Joshi,14
Amit Joshi,46
John Patil,61
John Naik,31
Amit Joshi,62
Ravi Kumar,23
Neha Desai,25
Meena Sharma,37
Anita Verma,40
John Verma,49
Kiran Joshi,63
Rohan Desai,6
Anita Reddy,29
Neha Gupta,72
Vikas Kumar,54
Pooja Verma,59
Kiran Reddy,93
Nisha Desai,15
Asha Verma,32
Meena Desai,94
Rohan Desai,57
John Singh,0
Anita Naik,14
Deepak Patil,60
Ravi Naik,84
Ravi Naik,94
Rahul Desai,70
Neha Kumar,64
Rahul Naik,61
Sneha Patil,50
Rahul Singh,4
Vikas Singh,93
John Kumar,35
Anita Joshi,83
Sunita Sharma,36
John Desai,54
Asha Singh,19
Deepak Sharma,37
Suresh Verma,0
Priya Joshi,66
Nisha Singh,32
John Sharma,3
Kavya Verma,26
Priya Naik,46
Amit Naik,72
Kavya Verma,3
Sneha Joshi,20
Pooja Reddy,80
Rahul Desai,49
Rohan Sharma,86
Vikas Singh,34
Kavya Reddy,28
Meena Singh,44
Nisha Gupta,8
Rahul Verma,73
Ravi Patil,16
Pooja Joshi,10
Arjun Kumar,91
Vikas Kumar,7
Rahul Gupta,21
Nisha Desai,31
Nisha Patil,34
Nisha Desai,71
Deepak Gupta,1
Priya Singh,95
Rohan Desai,21
John Naik,10
Kavya Kumar,87
Suresh Patil,67
Meena Naik,60
Asha Reddy,37
Sneha Singh,72
Suresh Patil,0
Sunita Singh,37
Deepak Patil,35
Amit Naik,93
Amit Patil,1
Arjun Gupta,61
Arjun Gupta,64
Vikas Kumar,30
Sunita Joshi,60
Rohan Joshi,17
Pooja Desai,65
Sunita Singh,5
John Kumar,40
Vikas Joshi,98
Anita Kumar,87
Asha Verma,98
Kavya Sharma,94
Sunita Singh,93
Anita Joshi,62
Vikas Reddy,1
Meena Patil,18
Amit Singh,68
Amit Reddy,71
Ravi Kumar,15
Rahul Singh,88
Kiran Joshi,69
Deepak Patil,37
Kavya Patil,66
Vikas Sharma,6
Kavya Reddy,25
Asha Reddy,69
Meena Singh,96
Kavya Sharma,52
Suresh Naik,40
Deepak Patil,49
Rahul Joshi,80
Vikas Kumar,85
Asha Patil,19
Rohan Patil,70
Anita Naik,15
Amit Kumar,100
Sunita Singh,43
Ravi Joshi,82
Asha Singh,13
Sneha Singh,9
Vikas Verma,58
Ravi Kumar,35
Meena Naik,93
Amit Gupta,61
Sunita Kumar,16
Rohan Reddy,33
Kavya Patil,75
Pooja Verma,3
Suresh Verma,90
Kavya Patil,49
Pooja Desai,71
Kavya Desai,82
Asha Kumar,62
Neha Patil,84
Amit Patil,31
Nisha Naik,23
Kiran Desai,91
Rohan Naik,48
Pooja Kumar,45
Kavya Singh,25
Deepak Desai,84
Nisha Reddy,51
Vikas Reddy,38
Neha Singh,50
Kiran Joshi,56
Rohan Sharma,10
Sneha Joshi,59
Arjun Naik,33
Nisha Reddy,62
Sunita Sharma,46
John Verma,15
Rohan Joshi,84
Sneha Desai,41
Meena Singh,31
Priya Joshi,55
Kiran Verma,42
Nisha Patil,4
Nisha Verma,73
Sunita Gupta,24
Sneha Kumar,68
Meena Joshi,28
Anita Naik,66
Meena Kumar,24
Neha Gupta,21
Nisha Gupta,5
Asha Verma,74
Sneha Desai,60
Amit Joshi,82
Amit Reddy,91
Priya Gupta,13
Sneha Verma,56
Suresh Verma,94
Meena Sharma,40
Asha Desai,13
Amit Joshi,49
Amit Desai,2
Amit Desai,56
Kiran Sharma,58
Ravi Naik,28
Anita Desai,87
Ravi Desai,19
Vikas Sharma,11
Asha Joshi,35
Suresh Joshi,26
Rahul Kumar,45
Neha Joshi,33
Amit Patil,85
Asha Singh,65
John Sharma,71
Rahul Gupta,78
Kiran Desai,94
Ravi Patil,50
Priya Sharma,32
Sunita Kumar,5
Asha Reddy,47
Rohan Reddy,38
Suresh Desai,40
Kiran Reddy,15
Meena Joshi,50
Sneha Sharma,82
Arjun Naik,79
Kavya Gupta,14
Neha Verma,81
Asha Kumar,47
Ravi Joshi,64
Asha Gupta,94
Meena Sharma,94
Kavya Sharma,80
John Kumar,40
Anita Reddy,18
Arjun Kumar,55
Asha Patil,12
Priya Desai,62
Neha Desai,73
Pooja Singh,96
Anita Patil,52
Vikas Desai,7
Vikas Kumar,21
John Joshi,17
Sunita Desai,53
Asha Patil,83
Anita Sharma,53
Deepak Sharma,29
Meena Desai,29
Amit Sharma,91
Deepak Patil,40
Asha Naik,91
Kiran Desai,78
Priya Patil,84
Ravi Gupta,69
Arjun Verma,30
Anita Kumar,20
Neha Patil,13
Sunita Naik,32
Deepak Naik,50
Asha Patil,16
Suresh Sharma,67
Meena Singh,7
Anita Kumar,48
Priya Reddy,78
Sneha Patil,65
Vikas Naik,72
Meena Singh,85
John Singh,83
Arjun Verma,3
Pooja Verma,51
Deepak Desai,41
Asha Naik,85
John Patil,81
Rahul Patil,32
Nisha Singh,22
Meena Joshi,57
Arjun Gupta,98
Nisha Desai,38
Nisha Verma,85
Amit Gupta,5
Asha Desai,34
Meena Kumar,19
Meena Singh,92
Pooja Verma,86
Sneha Verma,56
Deepak Reddy,15
Rahul Patil,30
Rahul Joshi,45
Kiran Desai,59
Kiran Naik,13
Deepak Singh,51
Neha Joshi,68
Asha Sharma,87
Asha Kumar,82
Asha Naik,6
Arjun Reddy,82
Sunita Joshi,38
Sneha Reddy,77
Sneha Kumar,36
Asha Singh,99
Deepak Naik,28
Ravi Desai,4
Asha Reddy,72
Nisha Naik,21
Pooja Kumar,72
Anita Reddy,19
Sneha Reddy,30
Pooja Joshi,78
Priya Joshi,47
Kiran Joshi,4
Suresh Naik,57
Deepak Gupta,40
Rahul Singh,74
Deepak Joshi,40
Asha Singh,1
Sneha Gupta,48
Priya Desai,35
Sunita Sharma,89
Kavya Joshi,20
Sunita Singh,78
Kiran Naik,14
Amit Kumar,12
Ravi Verma,100
Vikas Verma,65
Rohan Naik,54
Priya Gupta,29
Neha Sharma,65
Nisha Patil,57
Kiran Verma,25
Kavya Reddy,58
Neha Patil,53
Suresh Sharma,37
Sneha Gupta,15
Neha Kumar,26
Sneha Desai,25
Kavya Kumar,61
Suresh Kumar,65
Priya Reddy,43
Rohan Singh,30
Anita Patil,89
Ravi Desai,40
Vikas Kumar,27
Neha Desai,11
Arjun Verma,37
Sunita Kumar,5
Sunita Verma,65
Asha Naik,28
Rahul Kumar,52
Rohan Joshi,9
Meena Desai,17
Arjun Kumar,98
Ravi Sharma,98
John Gupta,67
Asha Joshi,0
Meena Naik,85
Rohan Singh,53
Arjun Patil,4
Nisha Patil,91
Ravi Kumar,87
Ravi Desai,54
Arjun Gupta,27
Vikas Desai,58
Sneha Gupta,56
Rahul Singh,95
Sunita Joshi,16
Vikas Patil,91
Pooja Verma,24
John Gupta,36
Pooja Patil,36
Nisha Sharma,13
Asha Joshi,90
Deepak Desai,19
Kiran Patil,65
Sunita Sharma,63
Pooja Reddy,52
Vikas Joshi,92
John Desai,73
Ravi Verma,55
Amit Gupta,67
Anita Patil,69
Arjun Reddy,76
Arjun Kumar,60
Asha Kumar,88
Ravi Patil,1
Priya Patil,80
Neha Singh,21
Suresh Naik,14
Pooja Reddy,14
Arjun Gupta,67
Nisha Kumar,13
Sunita Naik,71
Rahul Reddy,98
Rohan Desai,57
Rohan Sharma,2
Rahul Verma,84
Deepak Verma,23
Rohan Sharma,66
Ravi Singh,74
Neha Naik,92
Deepak Naik,46
Nisha Reddy,7
Anita Kumar,58
Neha Sharma,66
Arjun Gupta,45
Sunita Reddy,17
John Desai,22
Anita Gupta,45
Kiran Naik,82
Rahul Verma,29
Pooja Desai,75
Anita Desai,14
Ravi Kumar,73
Sunita Singh,33
Amit Sharma,87
Neha Singh,19
Sunita Gupta,0
Deepak Reddy,61
Asha Verma,27
Kavya Desai,67
Rahul Kumar,67
Ravi Verma,85
Neha Patil,75
Deepak Kumar,90
Neha Naik,55
Pooja Patil,41
Pooja Joshi,17
Deepak Sharma,64
Rahul Desai,32
Rahul Sharma,32
Arjun Joshi,97
Suresh Verma,21
Neha Patil,96
Vikas Naik,31
Pooja Desai,27
Rahul Naik,2
Arjun Reddy,2
Sneha Sharma,94
Anita Naik,88
Sneha Patil,74
Kiran Joshi,52
Nisha Sharma,46
Nisha Desai,45
Suresh Desai,43
Sunita Desai,59
Ravi Sharma,83
Vikas Joshi,87
Meena Reddy,69
Sunita Singh,76
Deepak Singh,84
Asha Kumar,69
Vikas Singh,3
Nisha Desai,14
Neha Kumar,91
John Reddy,32
Sunita Reddy,75
Sneha Singh,68
Anita Gupta,70
Rahul Reddy,35
Pooja Reddy,42
Arjun Joshi,10
Amit Patil,24
Vikas Joshi,22
Pooja Desai,74
Neha Gupta,74
Vikas Joshi,58
Kavya Singh,8
Suresh Gupta,94
Pooja Joshi,29
Arjun Sharma,87
Meena Gupta,32
Rahul Kumar,15
Neha Patil,90
Deepak Naik,37
Kiran Joshi,52
Ravi Joshi,94
John Gupta,76
Amit Naik,28
John Gupta,34
Sunita Gupta,76
Rohan Verma,37
Asha Patil,41
Kavya Patil,25
Neha Gupta,86
Sneha Sharma,80
Deepak Gupta,67
Rohan Gupta,40
Nisha Singh,85
Priya Verma,27
Arjun Desai,5
Rahul Verma,84
Ravi Patil,98
Meena Joshi,29
Priya Naik,86
Kavya Sharma,95
Meena Reddy,66
Meena Singh,76
Amit Patil,47
Suresh Singh,14
Suresh Kumar,44
Ravi Reddy,38
Arjun Patil,100
Priya Naik,44
Ravi Joshi,15
Rahul Verma,30
Nisha Singh,44
Ravi Reddy,0
Pooja Joshi,47
Ravi Verma,73
Amit Joshi,75
Nisha Desai,47
Rohan Reddy,71
Suresh Patil,29
Priya Joshi,98
Amit Gupta,88
Amit Singh,40
Amit Sharma,96
Kavya Singh,54
Asha Patil,76
Priya Kumar,54
Deepak Sharma,24
Amit Gupta,33
Kiran Joshi,99
Pooja Kumar,84
Kavya Patil,54
Ravi Desai,3
Anita Desai,94
Asha Reddy,71
Rahul Desai,52
Sunita Patil,29
Asha Singh,51
Sunita Verma,61
Amit Naik,52
Rohan Desai,100
Anita Kumar,21
Kiran Gupta,72
Anita Verma,46
Asha Kumar,35
Sneha Singh,38
Sneha Joshi,90
Rahul Kumar,92
Meena Kumar,11
Ravi Singh,8
Kavya Gupta,18
Priya Kumar,94
Rahul Patil,87
Deepak Desai,85
Nisha Verma,68
John Verma,1
Amit Reddy,64
Kavya Verma,53
Amit Desai,90
Amit Verma,96
Sneha Singh,74
Ravi Verma,23
Deepak Sharma,48
Sneha Reddy,35
Sunita Verma,22
Kiran Reddy,11
Rohan Desai,63
Sunita Naik,76
Priya Desai,78
Rohan Naik,15
Priya Reddy,82
Priya Desai,81
Meena Reddy,10
Meena Patil,57
Anita Sharma,88
Amit Patil,71
Rahul Desai,52
Nisha Verma,57
Suresh Gupta,67
Rohan Joshi,54
Pooja Singh,55
Sunita Kumar,62
Arjun Gupta,48
Rohan Naik,20
Deepak Desai,33
Deepak Gupta,60
Kavya Desai,48
Nisha Kumar,45
Rohan Verma,60
Suresh Naik,39
Ravi Verma,89
Neha Naik,99
Kavya Gupta,70
Kiran Singh,30
Anita Joshi,96
Amit Kumar,25
Kavya Kumar,97
Rahul Singh,21
Vikas Desai,14
Neha Joshi,15
Vikas Verma,27
Arjun Verma,95
Rohan Desai,60
Deepak Kumar,93
Pooja Patil,34
Amit Singh,58
Neha Gupta,17
Pooja Naik,38
John Kumar,10
Sunita Sharma,26
Amit Singh,96
Deepak Verma,52
Pooja Desai,65
Meena Gupta,70
Rohan Joshi,46
Deepak Singh,83
Kavya Naik,26
Kiran Kumar,83
Arjun Joshi,75
Nisha Patil,36
Rohan Joshi,53
Sneha Naik,19
Vikas Naik,25
Arjun Gupta,48
Kavya Patil,81
Vikas Patil,90
Rohan Reddy,50
Sneha Gupta,51
Anita Sharma,57
Meena Singh,19
Ravi Desai,68
Asha Kumar,79
Sunita Sharma,31
Nisha Reddy,46
John Kumar,18
Amit Naik,60
Neha Naik,89
Sneha Gupta,73
John Desai,65
Vikas Desai,2
Priya Patil,37
Ravi Kumar,87
Priya Reddy,96
Suresh Patil,71
Asha Naik,39
Neha Kumar,16
Vikas Sharma,49
Sunita Gupta,34
Kiran Verma,95
Nisha Singh,38
Anita Sharma,56
Pooja Sharma,9
Pooja Verma,19
John Singh,37
Sunita Kumar,52
Rahul Desai,43
Sneha Desai,100
John Reddy,55
Suresh Verma,0
Neha Desai,42
Kiran Verma,23
Deepak Singh,6
Sneha Kumar,1
Ravi Kumar,5
Anita Desai,32
Priya Joshi,0
Asha Desai,52
Nisha Singh,10
Deepak Joshi,65
Deepak Verma,48
Arjun Naik,66
Pooja Kumar,48
John Singh,84
Vikas Sharma,66
Asha Singh,68
Sneha Reddy,69
John Singh,74
Asha Singh,54
Sneha Sharma,8
Priya Desai,83
Sneha Reddy,7
Sunita Kumar,11
John Joshi,44
Priya Verma,75
Neha Singh,68
Anita Sharma,24
Suresh Gupta,27
Rohan Reddy,28
Asha Sharma,42
Ravi Joshi,33
Deepak Reddy,8
Kavya Desai,34
Pooja Kumar,6
Suresh Singh,93
Arjun Kumar,76
Sneha Verma,30
Priya Sharma,27
Deepak Gupta,48
Pooja Reddy,22
Rohan Singh,43
Neha Naik,71
Pooja Sharma,87
Rohan Desai,5
Meena Naik,71
Kavya Kumar,24
John Reddy,49
Asha Verma,31
Priya Joshi,36
Meena Kumar,69
Vikas Joshi,44
Suresh Joshi,76
Anita Patil,0
Asha Naik,9
Pooja Kumar,73
Arjun Verma,49
Sunita Naik,18
Sunita Patil,76
Rohan Verma,45
Suresh Patil,21
Rohan Joshi,89
Pooja Sharma,89
Kavya Reddy,88
Deepak Sharma,100
Kiran Sharma,85
Sneha Singh,80
Deepak Reddy,51
Suresh Desai,56
Sunita Desai,0
Nisha Gupta,20
Asha Gupta,6
Asha Desai,29
Kiran Singh,33
Arjun Sharma,5
Nisha Desai,4
Asha Naik,94
Asha Gupta,59
Asha Kumar,57
Priya Desai,19
Sneha Kumar,82
Ravi Patil,98
John Kumar,10
Suresh Patil,25
Nisha Patil,39
Vikas Patil,3
Arjun Sharma,32
Arjun Sharma,8
Arjun Reddy,48
Neha Desai,43
Sunita Verma,22
Asha Sharma,66
Deepak Verma,29
Suresh Reddy,74
Kiran Sharma,52
Deepak Patil,78
Sunita Kumar,55
Rahul Kumar,59
Sneha Sharma,16
Kavya Joshi,38
Kavya Kumar,91
Priya Naik,99
Meena Joshi,15
Priya Naik,37
Pooja Sharma,61
Meena Reddy,0
Rohan Reddy,44
Rohan Desai,53
Asha Patil,64
John Sharma,49
Neha Patil,50
Kavya Singh,26
Ravi Patil,50
Meena Sharma,84
Suresh Joshi,62
Priya Kumar,44
Kiran Gupta,53
John Patil,80
Kavya Desai,10
John Naik,96
Suresh Verma,20
Vikas Naik,20
Sunita Kumar,69
Asha Sharma,69
Amit Reddy,14
Rahul Joshi,32
Vikas Verma,13
Asha Reddy,78
Kiran Patil,37
Ravi Patil,64
Anita Patil,7
Vikas Verma,56
Deepak Singh,76
Sneha Joshi,82
Ravi Naik,56
Neha Patil,35
Asha Singh,41
Nisha Gupta,85
Anita Desai,76
Rahul Verma,5
John Patil,81
Kavya Gupta,72
Nisha Reddy,6
Rohan Sharma,40
Deepak Joshi,95
Asha Sharma,82
Asha Reddy,99
Anita Joshi,87
Kiran Verma,3
Meena Singh,19
Amit Verma,82
Kiran Patil,67
Sneha Desai,59
Amit Sharma,55
Suresh Desai,9
Anita Kumar,11
Kiran Reddy,0
John Gupta,99
Kiran Joshi,71
Nisha Patil,38
John Naik,11
Nisha Naik,93
Priya Singh,25
Amit Sharma,69
Pooja Joshi,49
Arjun Singh,18
Kavya Gupta,16
Suresh Kumar,52
Rahul Sharma,10
Priya Verma,28
Rahul Desai,21
Amit Singh,15
Kiran Kumar,40
Kiran Singh,3
Sunita Joshi,30
Meena Naik,44
Meena Joshi,97
Arjun Naik,2
Sunita Gupta,45
Nisha Joshi,100
Priya Sharma,18
Ravi Reddy,81
Arjun Joshi,28
Kavya Singh,58
Kavya Gupta,19
John Verma,93
Rahul Desai,73
Kavya Reddy,38
Rahul Kumar,63
Arjun Reddy,23
Arjun Sharma,8
Sneha Sharma,99
Anita Desai,87
Rohan Singh,3
John Verma,14
John Verma,83
John Patil,9
Asha Kumar,72
Arjun Desai,54
Amit Sharma,32
Arjun Joshi,84
Rohan Reddy,33
Anita Gupta,11
Priya Joshi,2
Meena Patil,92
John Joshi,43
Sneha Desai,72
Pooja Desai,61
Neha Gupta,75
Pooja Gupta,89
Asha Gupta,50
Ravi Reddy,62
Priya Kumar,51
Sneha Sharma,67
John Reddy,99
Arjun Verma,99
Vikas Naik,76
Kavya Sharma,4
Kavya Verma,92
Neha Reddy,75
Anita Patil,19
Rahul Naik,97
Nisha Verma,47
Neha Joshi,100
Amit Verma,59
Vikas Kumar,39
Kavya Joshi,77
Pooja Naik,18
Arjun Patil,63
Sneha Singh,89
Priya Kumar,71
Sneha Sharma,71
Arjun Reddy,42
Kavya Desai,38
Arjun Kumar,2
Kiran Kumar,82
Anita Sharma,2
Rohan Gupta,27
Sneha Naik,19
Kiran Patil,10
Arjun Gupta,10
Asha Kumar,6
Rohan Joshi,72
Kavya Naik,51
Asha Kumar,59
Neha Patil,74
Sneha Sharma,76
Neha Sharma,1
Nisha Reddy,41
Kiran Desai,16
Nisha Gupta,62
Suresh Sharma,83
Kiran Desai,74
Amit Naik,98
Sunita Singh,100
Pooja Patil,26
Deepak Kumar,52
Nisha Joshi,36
Rahul Reddy,6
Meena Gupta,92
Arjun Reddy,55
Sneha Gupta,79
Suresh Naik,79
Neha Reddy,99
Amit Desai,100
John Patil,13
Pooja Naik,65
Vikas Reddy,54
Neha Joshi,82
Meena Desai,94
Arjun Naik,32
Suresh Patil,60
Amit Patil,9
Amit Sharma,100
Arjun Reddy,41
Vikas Joshi,55
Sunita Kumar,83
Suresh Singh,29
Neha Gupta,81
Arjun Naik,36
Ravi Singh,21
Anita Desai,95
Suresh Singh,24
John Verma,8
Neha Kumar,15
Neha Reddy,18
Asha Verma,24
Neha Gupta,91
Kavya Gupta,42
Asha Reddy,31
Rahul Reddy,20
Rohan Kumar,95
Vikas Reddy,35
Deepak Gupta,48
Asha Gupta,24
Priya Patil,50
John Desai,37
Arjun Desai,55
Arjun Naik,37
Suresh Singh,89
Meena Reddy,6
Deepak Desai,6
Rohan Sharma,13
Arjun Singh,93
Amit Joshi,55
Arjun Gupta,18
Meena Reddy,30
Asha Kumar,42
Neha Naik,98
Kavya Patil,41
Pooja Reddy,64
Anita Reddy,53
Deepak Joshi,53
Kiran Gupta,31
Kiran Verma,98
Nisha Reddy,71
Ravi Patil,84
Arjun Sharma,24
Priya Patil,65
Meena Naik,6
Vikas Reddy,56
Anita Joshi,44
Sunita Singh,74
Sunita Verma,26
Pooja Joshi,33
Arjun Singh,32
Nisha Sharma,91
Kiran Singh,37
Asha Naik,8
Asha Verma,19
Neha Reddy,24
Anita Desai,63
Rahul Reddy,2
Kavya Kumar,93
Vikas Joshi,20
Meena Patil,33
Arjun Kumar,29
Anita Verma,0
Priya Verma,67
Meena Patil,63
Kavya Gupta,37
Sneha Kumar,70
Arjun Joshi,100
Pooja Verma,58
Suresh Desai,65
Nisha Naik,5
Kiran Desai,9
Rohan Joshi,50
Nisha Sharma,33
Rohan Verma,44
Sneha Kumar,53
Arjun Joshi,15
Amit Patil,22
Kavya Sharma,5
John Naik,59
Meena Kumar,79
Deepak Kumar,76
Kavya Sharma,75
Deepak Patil,57
John Kumar,81
Vikas Verma,23
Kiran Singh,15
Kavya Singh,51
Meena Naik,93
Anita Singh,31
Kavya Patil,27
Rahul Singh,55
Priya Singh,94
Nisha Desai,16
Vikas Sharma,25
Rohan Patil,51
Nisha Sharma,60
Nisha Naik,39
Kavya Kumar,91
Anita Gupta,82
Anita Kumar,66
Rahul Desai,36
Priya Singh,41
Sunita Singh,8
Pooja Gupta,68
Rahul Kumar,20
Pooja Patil,72
Nisha Patil,71
Rohan Singh,32
Suresh Verma,95
Kiran Naik,54
Amit Singh,91
Vikas Kumar,38
Neha Singh,34
Arjun Naik,76
Rohan Verma,18
Arjun Singh,82
Vikas Singh,34
John Reddy,24
Deepak Reddy,33
Vikas Reddy,61
Sunita Naik,78
Kavya Gupta,96
Arjun Gupta,36
Vikas Desai,89
Meena Naik,30
Deepak Gupta,83
Kiran Reddy,72
Rahul Joshi,11
Anita Joshi,0
Ravi Joshi,46
Pooja Sharma,74
John Desai,2
Priya Patil,93
Amit Sharma,32
Asha Verma,96
Priya Singh,13
Deepak Desai,19
Pooja Gupta,78
Nisha Reddy,83
Meena Verma,83
Sunita Verma,45
Ravi Desai,82
Sunita Reddy,22
Arjun Kumar,30
Pooja Naik,92
Rahul Kumar,55
Kiran Kumar,69
Suresh Verma,79
John Singh,69
Vikas Sharma,39
Deepak Desai,2
Rohan Joshi,27
Meena Reddy,12
Neha Naik,97
Sunita Desai,79
Asha Desai,47
Kavya Singh,42
Asha Gupta,60
Sunita Gupta,99
Asha Kumar,41
Rohan Singh,61
Deepak Singh,56
Ravi Verma,99
Kiran Sharma,22
Sunita Verma,79
Rohan Desai,52
Arjun Patil,54
Asha Verma,41
Arjun Joshi,39
Kiran Desai,49
John Kumar,81
John Naik,50
Suresh Patil,10
Priya Gupta,76
Suresh Gupta,9
Nisha Singh,41
Anita Singh,65
Anita Singh,35
Kiran Desai,0
Suresh Joshi,94
Kiran Desai,62
Deepak Sharma,45
Deepak Patil,1
Priya Verma,76
Nisha Verma,9
Pooja Singh,54
Rohan Kumar,8
Rahul Patil,72
Priya Patil,45
Deepak Kumar,19
Neha Naik,56
Vikas Sharma,88
Vikas Singh,50
Anita Singh,97
Amit Verma,14
Meena Kumar,8
Sneha Singh,71
Sunita Reddy,44
Anita Desai,35
Sneha Verma,15
Amit Kumar,74
Kiran Desai,26
Suresh Sharma,8
Sunita Naik,44
Kavya Singh,8
Priya Naik,2
Suresh Kumar,30
Rohan Joshi,2
John Joshi,46
Anita Sharma,55
Amit Naik,61
Sneha Kumar,73
Priya Kumar,63
Anita Patil,1
Pooja Verma,82
Sneha Patil,32
Deepak Sharma,69
Sunita Sharma,87
Asha Singh,100
Nisha Naik,48
Pooja Reddy,53
Pooja Joshi,84
Meena Gupta,48
Asha Naik,27
Ravi Patil,81
Priya Verma,91
Nisha Joshi,78
Deepak Naik,4
Kavya Gupta,77
Nisha Joshi,89
Sunita Singh,55
Pooja Reddy,28
Anita Desai,65
Ravi Sharma,33
Neha Desai,51
Suresh Singh,85
Rahul Gupta,36
Priya Singh,84
Deepak Naik,99
Vikas Kumar,8
John Joshi,71
Deepak Verma,21
John Joshi,32
Suresh Singh,66
Priya Gupta,63
Rohan Desai,24
Sneha Patil,77
Sunita Naik,36
Rohan Kumar,7
Rahul Patil,66
John Singh,43
Neha Verma,54
Deepak Naik,71
Nisha Naik,17
Neha Singh,30
Rohan Reddy,61
Asha Verma,44
Kavya Sharma,3
Meena Singh,85
Priya Sharma,45
Sneha Joshi,75
Pooja Sharma,51
Meena Verma,14
Neha Naik,40
Vikas Kumar,58
Arjun Verma,64
Deepak Verma,70
Rahul Desai,42
Rahul Gupta,83
Nisha Gupta,47
Deepak Reddy,13
Vikas Reddy,44
Ravi Gupta,85
Neha Gupta,75
Meena Desai,84
Anita Reddy,9
Suresh Naik,83
Pooja Naik,47
Pooja Desai,50
Deepak Patil,16
John Patil,99
Kavya Desai,73
Anita Reddy,5
Sunita Naik,48
Arjun Singh,68
Sunita Naik,92
Arjun Naik,10
Neha Singh,92
Vikas Verma,70
Priya Desai,20
Sneha Singh,99
Neha Reddy,21
Kavya Sharma,11
Sunita Naik,60
Ravi Sharma,72
Pooja Sharma,38
Kiran Joshi,25
Kavya Patil,66
Neha Patil,6
Asha Gupta,55
Nisha Kumar,29
Asha Naik,49
Anita Kumar,1
Kavya Joshi,50
Suresh Verma,47
Sneha Gupta,36
John Verma,94
Deepak Kumar,25
Suresh Kumar,12
Neha Desai,27
Meena Verma,40
Kiran Kumar,40
Pooja Naik,92
Rahul Reddy,0
Priya Desai,86
Anita Naik,68
Sunita Reddy,21
Suresh Sharma,67
Arjun Reddy,1
Kiran Gupta,18
Deepak Verma,31
Priya Verma,31
Neha Desai,39
Priya Patil,81
Arjun Patil,83
Amit Sharma,26
Sneha Desai,6
Ravi Singh,23
Ravi Desai,71
Kavya Singh,4
Kiran Verma,1
Kavya Kumar,67
Anita Verma,34
Asha Desai,5
Deepak Naik,88
Suresh Singh,36
Suresh Reddy,15
Suresh Verma,34
Sunita Joshi,21
Rohan Singh,58
Anita Naik,29
Ravi Naik,42
Amit Singh,90
Sunita Verma,67
Sneha Kumar,90
Priya Sharma,9
Pooja Kumar,68
Arjun Patil,45
Nisha Verma,20
Meena Verma,33
Priya Naik,47
Ravi Singh,13
Priya Verma,35
Vikas Verma,19
Arjun Desai,23
Kavya Reddy,38
Sneha Sharma,29
Rohan Patil,27
Arjun Naik,3
Priya Desai,50
Kavya Joshi,73
Pooja Kumar,16
Priya Kumar,33
Kavya Naik,4
Kiran Gupta,65
Rahul Patil,92
Rahul Kumar,44
John Joshi,87
Asha Verma,24
John Desai,39
Priya Singh,25
Vikas Sharma,85
Sunita Gupta,85
Sneha Verma,100
Sunita Joshi,51
Amit Joshi,15
Rahul Desai,76
Asha Desai,100
Vikas Joshi,46
Suresh Singh,84
Sneha Sharma,56
Kiran Kumar,16
Priya Verma,87
Priya Joshi,6
Ravi Kumar,18
Rahul Verma,29
Arjun Reddy,17
Vikas Verma,11
Kavya Desai,74
Anita Sharma,67
Asha Sharma,65
Vikas Gupta,25
Rahul Patil,45
Arjun Patil,68
Kavya Gupta,78
Suresh Reddy,23
Sunita Patil,24
Neha Desai,74
Vikas Patil,76
Priya Singh,10
Ravi Sharma,14
Rahul Sharma,4
Kavya Kumar,19
Vikas Patil,81
Amit Kumar,100
Ravi Gupta,76
Kavya Joshi,75
Sunita Gupta,16
Arjun Singh,79
Ravi Kumar,5
Pooja Singh,11
Arjun Sharma,81
Vikas Singh,16
Rahul Gupta,3
Pooja Desai,0
Rahul Sharma,98
Priya Gupta,73
Neha Gupta,60
Sneha Gupta,13
Rohan Gupta,16
Pooja Reddy,45
Vikas Sharma,85
Asha Sharma,0
Vikas Verma,53
Anita Gupta,56
Sneha Sharma,86
Deepak Verma,9
Suresh Patil,53
Nisha Joshi,20
Sunita Desai,13
Kiran Naik,37
Sneha Naik,30
Asha Naik,25
Priya Sharma,24
Pooja Desai,64
Meena Sharma,14
Deepak Reddy,57
Asha Verma,11
Anita Verma,33
Ravi Verma,68
Sunita Patil,76
Asha Joshi,66
Sunita Patil,22
Anita Patil,98
Kavya Patil,5
Deepak Joshi,63
Nisha Desai,32
Suresh Sharma,53
Kavya Joshi,12
Priya Desai,97
Amit Desai,56
Anita Joshi,39
Nisha Desai,32
Vikas Verma,32
Kavya Verma,81
Anita Singh,26
Priya Singh,96
Amit Singh,26
Ravi Desai,8
John Naik,39
Amit Kumar,65
Nisha Gupta,97
Suresh Joshi,4
Amit Joshi,99
Ravi Desai,6
Asha Reddy,62
Meena Sharma,26
Deepak Kumar,8
Neha Joshi,31
Asha Naik,97
Deepak Naik,16
Deepak Kumar,58
Amit Joshi,66
Ravi Verma,26
Nisha Singh,29
Neha Patil,51
Amit Joshi,97
John Verma,9
Rahul Naik,15
Arjun Desai,5
Meena Verma,60
Ravi Gupta,35
Sneha Reddy,77
Nisha Desai,48
Suresh Reddy,63
Rahul Gupta,54
Anita Joshi,25
Sneha Gupta,71
Pooja Desai,47
Nisha Patil,87
Rahul Singh,23
Sunita Desai,36
Ravi Kumar,9
Asha Verma,57
Neha Joshi,56
Arjun Joshi,95
Anita Joshi,3
Amit Patil,72
Rahul Gupta,63
Meena Naik,76
John Gupta,10
Meena Verma,68
Priya Reddy,12
Priya Desai,13
Kavya Reddy,97
Anita Gupta,38
Sunita Kumar,94
Ravi Singh,87
Anita Naik,44
Kavya Singh,21
Asha Joshi,82
Arjun Reddy,62
Meena Patil,82
Deepak Patil,36
Kiran Naik,59
Anita Joshi,29
Ravi Sharma,23
Suresh Desai,56
Deepak Sharma,86
Sneha Desai,5
Nisha Singh,99
Priya Sharma,92
Kiran Naik,50
Priya Patil,47
Vikas Joshi,26
Deepak Patil,92
Deepak Naik,57
Sneha Desai,91
Rohan Naik,34
Sneha Sharma,98
Asha Verma,81
Rohan Naik,38
Anita Reddy,69
Suresh Verma,88
Anita Sharma,20
Rohan Sharma,42
Kavya Joshi,56
Neha Singh,70
Asha Singh,75
Sneha Verma,60
Rohan Desai,38
Sneha Singh,0
Pooja Verma,46
Amit Desai,23
Pooja Naik,14
Kavya Sharma,88
John Singh,70
Deepak Naik,48
Ravi Joshi,88
Ravi Patil,25
Suresh Verma,99
Nisha Desai,74
Deepak Sharma,25
Suresh Kumar,40
Kiran Verma,1
Rohan Desai,56
Priya Naik,43
Ravi Naik,40
Meena Sharma,13
Kiran Sharma,90
Arjun Patil,62
Rahul Patil,75
Deepak Patil,62
Kiran Singh,84
Sunita Patil,67
Kiran Naik,98
Neha Sharma,1
Priya Kumar,46
Nisha Desai,85
Ravi Desai,55
Ravi Joshi,45
Priya Naik,17
Kavya Reddy,86
Pooja Sharma,17
Anita Joshi,53
John Singh,60
Meena Kumar,12
Sneha Reddy,81
Deepak Gupta,28
Vikas Reddy,93
Deepak Naik,44
Ravi Desai,2
Kavya Desai,93
Priya Kumar,18
Asha Naik,49
Pooja Desai,69
Rahul Naik,73
John Singh,44
Vikas Singh,39
John Joshi,67
Rohan Patil,30
Kiran Gupta,56
Priya Desai,89
Amit Gupta,11
Anita Reddy,18
Pooja Desai,49
Kiran Sharma,84
Nisha Joshi,69
Pooja Verma,72
Rohan Kumar,99
Vikas Kumar,43
Suresh Gupta,76
Meena Verma,58
Rohan Desai,84
Rahul Gupta,83
Kavya Sharma,46
Kavya Singh,27
Nisha Joshi,76
Deepak Verma,89
John Patil,31
Nisha Reddy,12
Amit Verma,90
Ravi Verma,43
Sunita Naik,31
Kavya Verma,87
Ravi Singh,1
Amit Kumar,67
Anita Sharma,51
Ravi Verma,28
Priya Gupta,61
Kavya Singh,53
Priya Joshi,54
Meena Patil,72
John Verma,17
John Joshi,94
Neha Patil,2
Pooja Desai,64
Pooja Gupta,25
Pooja Patil,46
Anita Verma,43
Rahul Verma,34
John Sharma,71
Kavya Singh,62
Kiran Kumar,58
Sneha Singh,60
Pooja Kumar,27
Vikas Desai,83
Sneha Verma,5
Suresh Reddy,28
Sunita Naik,1
Sunita Kumar,90
Kiran Gupta,6
Suresh Kumar,86
Nisha Gupta,71
Kiran Singh,14
Neha Gupta,83
Asha Sharma,31
Kavya Gupta,71
Nisha Gupta,88
Kavya Joshi,44
Arjun Joshi,27
Anita Reddy,67
Arjun Joshi,56
Deepak Kumar,30
Anita Verma,46
Pooja Verma,68
Kiran Naik,79
Priya Kumar,94
Sunita Kumar,72
John Reddy,41
Pooja Desai,14
Rohan Reddy,72
Sneha Reddy,92
Vikas Gupta,63
Pooja Desai,51
Asha Verma,33
Deepak Sharma,70
Priya Joshi,23
John Naik,59
Suresh Singh,50
Deepak Kumar,87
Rohan Kumar,29
Rahul Singh,11
Ravi Naik,78
Arjun Reddy,54
Vikas Kumar,66
Kiran Joshi,42
Kiran Singh,64
Priya Verma,89
Neha Sharma,85
Sunita Singh,77
Meena Verma,26
Pooja Desai,65
Anita Verma,78
Priya Naik,11
Sneha Verma,10
Suresh Gupta,20
Meena Desai,96
Meena Patil,19
Priya Singh,82
Kiran Gupta,95
Meena Joshi,50
Nisha Naik,93
Pooja Naik,41
Rohan Reddy,32
Anita Gupta,100
Meena Gupta,66
Asha Patil,64
Ravi Patil,79
Sunita Patil,43
Deepak Kumar,16
Asha Joshi,23
Anita Naik,32
Amit Singh,71
Kavya Reddy,15
John Desai,9
Anita Singh,86
Sneha Verma,51
Ravi Verma,28
Asha Reddy,38
Deepak Verma,2
Sunita Singh,79
Nisha Verma,90
Ravi Patil,5
Amit Gupta,96
Rahul Naik,47
Arjun Singh,77
Kiran Sharma,7
John Singh,65
Pooja Gupta,79
Ravi Singh,70
Arjun Sharma,91
Ravi Gupta,61
Nisha Reddy,51
Meena Reddy,61
Deepak Joshi,12
Suresh Reddy,57
Suresh Singh,72
Asha Kumar,88
Sneha Patil,25
Asha Joshi,30
Rohan Sharma,18
Sneha Sharma,84
Priya Desai,54
Asha Desai,13
John Patil,56
Deepak Kumar,11
Pooja Kumar,5
Priya Kumar,80
Deepak Patil,14
Suresh Gupta,74
Anita Naik,98
Sneha Joshi,27
Sneha Joshi,98
Arjun Sharma,50
Meena Naik,95
Meena Naik,95
Kavya Reddy,49
Asha Singh,0
Kiran Desai,4
John Sharma,100
Sunita Kumar,8
Sneha Joshi,92
Priya Naik,52
Suresh Desai,22
Asha Desai,74
Sneha Desai,63
Kavya Singh,10
Sneha Naik,11
Meena Kumar,32
Rahul Kumar,28
Priya Desai,61
Sunita Joshi,37
Meena Kumar,23
Deepak Gupta,95
Kiran Sharma,6
Sunita Naik,8
Asha Patil,84
Sunita Reddy,99
Priya Desai,53
Anita Patil,32
Arjun Gupta,39
Ravi Verma,67
Meena Desai,17
Neha Kumar,80
Deepak Kumar,24
Suresh Desai,1
Nisha Naik,29
Suresh Reddy,96
Kavya Verma,50
Anita Singh,20
Meena Naik,64
Nisha Reddy,39
Nisha Kumar,9
Rohan Joshi,64
Asha Desai,35
Vikas Reddy,13
Suresh Sharma,64
John Patil,22
Sunita Reddy,5
Sneha Patil,6
Pooja Kumar,65
Ravi Naik,41
Rohan Reddy,81
Arjun Verma,71
Ravi Naik,74
Vikas Singh,64
Vikas Patil,81
Vikas Gupta,21
Kiran Kumar,68
Nisha Gupta,52
Pooja Reddy,91
Pooja Naik,70
Sunita Sharma,98
Pooja Joshi,35
Amit Reddy,54
Nisha Kumar,11
Vikas Patil,96
Asha Naik,5
Ravi Joshi,67
Rahul Naik,4
Neha Patil,97
Rahul Verma,56
Kavya Verma,63
Ravi Singh,18
Rohan Singh,57
John Naik,44
Amit Joshi,52
Anita Patil,26
Sneha Singh,27
Neha Sharma,0
Rahul Sharma,7
Anita Patil,86
Deepak Reddy,72
Anita Joshi,97
Meena Reddy,87
Kavya Sharma,41
Vikas Reddy,91
Kavya Singh,4
Deepak Reddy,67
Sneha Naik,1
Priya Singh,79
Kavya Singh,84
Sneha Kumar,23
Neha Patil,87
Sneha Joshi,79
Pooja Patil,17
Arjun Kumar,97
Nisha Naik,94
Rohan Desai,13
Amit Gupta,4
Asha Desai,25
Sunita Desai,39
Sunita Reddy,19
Neha Naik,88
John Naik,29
Arjun Reddy,99
Arjun Singh,39
Meena Reddy,17
Anita Desai,58
Neha Gupta,86
Rahul Joshi,56
Rahul Joshi,100
Rohan Gupta,38
Suresh Reddy,23
Vikas Kumar,1
Deepak Joshi,8
Suresh Reddy,33
Neha Desai,55
John Kumar,83
Rohan Joshi,75
Nisha Sharma,18
Rahul Joshi,48
Kiran Patil,77
Amit Reddy,93
Anita Gupta,2
Neha Joshi,98
Vikas Kumar,83
Kiran Naik,72
Rahul Reddy,33
Kiran Reddy,74
Priya Reddy,81
Vikas Singh,54
Rohan Desai,52
Sunita Singh,45
Rohan Desai,69
Suresh Kumar,50
Rohan Kumar,1
Kiran Kumar,58
Rahul Reddy,63
Priya Desai,17
Ravi Joshi,24
Pooja Gupta,44
Pooja Verma,63
Rahul Verma,34
Meena Kumar,28
Vikas Gupta,57
Asha Joshi,58
Amit Reddy,26
Anita Gupta,48
Anita Gupta,87
Priya Patil,35
Vikas Patil,3
Rahul Naik,91
Priya Patil,80
Meena Reddy,7
Rohan Verma,87
Arjun Gupta,90
Kavya Naik,66
John Singh,38
Rohan Patil,38
Sneha Sharma,78
Pooja Naik,57
John Sharma,90
Vikas Naik,51
Amit Kumar,46
Pooja Gupta,44
Rohan Verma,75
Asha Desai,48
Pooja Joshi,86
Nisha Naik,53
Rahul Patil,51
John Reddy,55
Ravi Verma,47
Sunita Naik,47
Asha Desai,24
Kiran Gupta,76
Neha Gupta,1
Anita Verma,3
John Reddy,36
Anita Reddy,10
Rahul Sharma,14
Amit Singh,84
Kavya Naik,80
Rohan Joshi,9
Deepak Verma,18
Suresh Singh,71
Pooja Patil,85
Kiran Kumar,84
Arjun Naik,33
Sneha Naik,19
Anita Sharma,14
Sneha Sharma,22
Sunita Gupta,56
Ravi Desai,18
Amit Desai,65
Vikas Gupta,11
Sneha Joshi,12
Amit Singh,4
Priya Joshi,12
Sneha Singh,69
Amit Verma,19
John Kumar,33
Anita Sharma,91
Amit Desai,24
Rahul Patil,12
Sunita Sharma,66
Nisha Kumar,27
Deepak Verma,67
Priya Sharma,17
Sneha Gupta,9
Arjun Singh,61
Priya Verma,7
Arjun Verma,10
Kiran Reddy,6
Amit Naik,39
Nisha Singh,34
Vikas Sharma,26
Rohan Singh,93
Asha Kumar,28
Neha Joshi,38
John Patil,73
Priya Sharma,71
Arjun Joshi,68
Anita Singh,23
Suresh Gupta,5
Nisha Singh,23
Arjun Kumar,27
Priya Reddy,80
Rahul Sharma,62
Deepak Singh,89
Rohan Reddy,4
Asha Desai,21
Sunita Reddy,11
Arjun Verma,84
Anita Gupta,73
Neha Patil,93
Sunita Joshi,98
Neha Reddy,25
Kavya Joshi,26
Sneha Gupta,4
Pooja Verma,14
Neha Desai,90
Rohan Singh,27
Rohan Gupta,96
Nisha Desai,92
Priya Joshi,99
Asha Desai,68
Nisha Joshi,87
Sunita Reddy,81
Rahul Reddy,71
Amit Joshi,25
Anita Desai,96
Pooja Desai,10
Neha Singh,84
Suresh Naik,52
Priya Naik,64
Vikas Kumar,21
Amit Gupta,14
Anita Sharma,51
Suresh Naik,31
Amit Kumar,67
Priya Patil,66
Arjun Joshi,11
Kavya Singh,93
Anita Reddy,6
Priya Singh,10
Deepak Gupta,90
John Desai,39
Priya Verma,24
John Singh,61
Meena Gupta,10
Sunita Singh,13
Asha Singh,5
Sunita Desai,8
Sunita Verma,63
Amit Sharma,26
Deepak Desai,37
Rohan Reddy,58
Ravi Desai,69
Neha Patil,87
Suresh Patil,99
Pooja Sharma,92
Vikas Joshi,43
Asha Sharma,41
Rohan Kumar,30
Suresh Kumar,8
Suresh Kumar,43
Sunita Patil,26
Kiran Reddy,31
Rahul Patil,100
Meena Sharma,46
Rahul Verma,29
Anita Gupta,43
Anita Gupta,26
Vikas Kumar,60
John Reddy,11
Sneha Patil,40
Amit Patil,76
Kiran Singh,29
Anita Gupta,75
Suresh Verma,63
Kiran Gupta,91
Deepak Desai,29
Rohan Kumar,40
Priya Patil,13
Sneha Desai,20
Ravi Naik,25
Rohan Reddy,46
Kavya Reddy,71
Arjun Sharma,16
Meena Desai,38
Rohan Reddy,17
John Gupta,56
Anita Kumar,20
Amit Patil,81
Pooja Joshi,57
Asha Sharma,36
Rahul Verma,59
Sneha Joshi,91
Ravi Desai,50
Meena Sharma,38
Ravi Joshi,50
Kiran Verma,7
Sneha Singh,34
Kavya Singh,52
Ravi Naik,57
Sneha Sharma,32
Amit Reddy,88
Kavya Kumar,42
Anita Kumar,54
Suresh Verma,39
Sneha Joshi,52
Priya Patil,51
Sneha Sharma,2
Rahul Joshi,43
Kiran Sharma,25
Deepak Joshi,89
Sneha Verma,45
Sunita Verma,97
Kiran Gupta,76
Ravi Sharma,41
Kiran Naik,55
John Desai,48
Anita Desai,88
Vikas Naik,97
Rohan Patil,2
Arjun Joshi,0
Pooja Sharma,86
Suresh Singh,86
Ravi Verma,40
Kiran Naik,30
Sneha Reddy,79
Asha Singh,74
Vikas Gupta,31
Kavya Singh,24
Kiran Desai,83
Kiran Verma,14
Pooja Joshi,27
Deepak Verma,24
Rahul Sharma,40
Kavya Singh,51
Asha Joshi,46
Deepak Joshi,100
Arjun Reddy,57
John Sharma,0
Nisha Gupta,22
Asha Kumar,58
Asha Desai,22
Neha Sharma,34
Sunita Verma,55
Pooja Gupta,40
Deepak Verma,90
Kiran Kumar,76
Kiran Patil,36
Sunita Naik,26
Arjun Singh,40
Deepak Reddy,58
Nisha Naik,30
Vikas Patil,54
Meena Gupta,77
Ravi Patil,21
Amit Verma,46
Priya Reddy,11
Rahul Sharma,94
Kavya Gupta,98
Arjun Naik,8
John Gupta,97
Asha Naik,83
Rohan Patil,6
Kiran Naik,28
Suresh Desai,16
Nisha Joshi,70
Pooja Desai,38
Ravi Gupta,81
Pooja Kumar,75
Priya Joshi,71
Asha Desai,17
Vikas Desai,35
Pooja Desai,8
Kavya Sharma,19
Kavya Naik,36
Nisha Verma,26
Rahul Joshi,16
Neha Singh,75
Kavya Sharma,89
Asha Reddy,80
Pooja Joshi,49
Kavya Kumar,37
Priya Sharma,75
Kavya Verma,47
Anita Patil,9
Rohan Patil,79
Anita Joshi,61
Nisha Naik,36
Rohan Joshi,1
Kiran Naik,81
Anita Reddy,30
Suresh Patil,87
Kavya Singh,30
Suresh Sharma,12
John Gupta,70
Amit Naik,70
Rahul Kumar,11
Neha Singh,91
John Verma,95
Nisha Verma,40
Suresh Naik,46
Deepak Kumar,62
Priya Gupta,17
Suresh Verma,84
Arjun Naik,12
Amit Verma,9
Suresh Reddy,98
Kavya Kumar,84
Neha Singh,46
Meena Naik,52
Kiran Desai,69
Rahul Desai,94
Meena Patil,62
John Sharma,46
Asha Desai,90
Neha Singh,9
Sneha Verma,52
Kiran Verma,100
Neha Kumar,49
Vikas Joshi,37
Deepak Desai,98
Pooja Naik,28
Amit Verma,10
Neha Singh,51
Vikas Desai,100
Kavya Joshi,30
John Patil,8
Nisha Joshi,20
Arjun Gupta,15
Suresh Verma,21
Suresh Singh,6
Neha Kumar,78
Kiran Reddy,51
Kavya Naik,10
Rohan Desai,8
Amit Joshi,97
Arjun Reddy,47
Neha Sharma,97
Neha Verma,88
Sunita Naik,12
Kavya Naik,77
Anita Naik,31
Anita Kumar,4
Vikas Sharma,27
Kavya Desai,82
Ravi Naik,51
Pooja Joshi,88
Kiran Sharma,27
Kiran Kumar,100
Asha Desai,78
Priya Kumar,92
Arjun Reddy,39
Nisha Gupta,72
Asha Singh,5
Neha Joshi,78
Anita Singh,23
John Desai,84
Nisha Patil,82
Pooja Desai,9
Rahul Desai,46
Kavya Verma,84
Kavya Verma,44
Vikas Desai,57
Meena Singh,67
Sneha Kumar,80
Sneha Gupta,49
Neha Singh,97
Deepak Naik,27
Suresh Reddy,60
Anita Reddy,71
Arjun Joshi,27
Arjun Patil,66
John Gupta,0
Priya Kumar,86
Kiran Verma,43
Kavya Gupta,98
Ravi Kumar,22
Kiran Reddy,69
Pooja Singh,81
John Naik,47
Anita Patil,3
Suresh Kumar,73
Sunita Kumar,29
Ravi Singh,1
Suresh Kumar,67
Sneha Gupta,71
Asha Naik,57
Rahul Patil,17
Kavya Naik,22
Nisha Reddy,34
Priya Kumar,13
Pooja Desai,81
Sunita Desai,64
Pooja Desai,2
Nisha Naik,7
Meena Verma,27
Nisha Joshi,12
Meena Kumar,55
Nisha Singh,75
Suresh Joshi,32
Suresh Singh,30
Deepak Gupta,10
Neha Singh,63
Arjun Sharma,40
Sunita Gupta,88
Suresh Desai,87
Kavya Desai,56
Vikas Reddy,6
Amit Gupta,40
Vikas Naik,90
Arjun Gupta,47
Vikas Kumar,40
Sunita Desai,91
Kiran Joshi,15
Priya Verma,12
Rohan Singh,40
Kavya Kumar,49
Rahul Desai,82
Deepak Verma,79
Vikas Sharma,40
Ravi Sharma,77
Sunita Kumar,19
Vikas Joshi,12
Meena Singh,46
Vikas Patil,21
Asha Naik,8
Amit Joshi,34
Kiran Naik,24
Deepak Singh,74
Sunita Reddy,74
Anita Patil,83
Sneha Joshi,18
Asha Verma,24
Asha Gupta,65
Suresh Joshi,21
Priya Kumar,5
Deepak Reddy,68
Meena Sharma,14
Deepak Desai,64
Kavya Joshi,17
Nisha Reddy,83
Amit Kumar,35
Sneha Joshi,24
Rohan Verma,70
Kiran Joshi,62
Pooja Kumar,72
Pooja Patil,66
Asha Kumar,67
Rahul Singh,75
Ravi Verma,78
Kavya Joshi,98
Anita Joshi,37
Sneha Verma,45
Priya Desai,55
Nisha Gupta,41
Priya Desai,12
Kiran Joshi,3
Vikas Reddy,49
Kiran Patil,23
Ravi Patil,2
Pooja Naik,9
Sunita Naik,70
Neha Sharma,30
John Patil,82
Rahul Desai,95
John Sharma,32
Deepak Gupta,70
Rohan Singh,1
Vikas Gupta,17
Priya Sharma,95
Kavya Verma,33
Deepak Desai,92
Kiran Verma,48
Deepak Desai,26
Suresh Singh,36
Rohan Gupta,64
Kiran Verma,62
Asha Reddy,63
Meena Singh,66
Kiran Gupta,69
Suresh Gupta,74
Rahul Naik,5
Kavya Sharma,47
Pooja Kumar,38
Kavya Singh,69
Neha Kumar,77
Rahul Joshi,40
Vikas Joshi,28
Priya Reddy,77
John Kumar,70
Ravi Joshi,56
Amit Patil,37
Priya Naik,95
Deepak Sharma,19
John Sharma,27
Rahul Singh,11
Rahul Desai,87
Rohan Gupta,96
Ravi Reddy,64
Kavya Desai,29
Arjun Verma,24
Rahul Patil,29
Kavya Patil,36
Kavya Reddy,63
Rohan Patil,90
Neha Reddy,61
Pooja Reddy,26
Anita Naik,56
Arjun Reddy,16
Amit Reddy,45
John Gupta,31
Meena Reddy,31
Rahul Patil,16
John Desai,48
John Singh,22
Deepak Kumar,29
Asha Gupta,98
Vikas Reddy,90
Priya Desai,46
Suresh Kumar,18
Deepak Sharma,99
Kavya Patil,33
Sneha Sharma,78
Nisha Singh,96
Rahul Gupta,2
Kiran Singh,50
Suresh Kumar,96
John Sharma,3
Priya Naik,21
Suresh Gupta,1
Nisha Verma,73
Neha Desai,40
Asha Patil,98
Sneha Gupta,39
Rohan Sharma,75
Deepak Joshi,6
Kavya Sharma,57
Priya Reddy,83
Asha Naik,52
Asha Joshi,32
Vikas Kumar,87
Rohan Verma,57
Pooja Naik,46
Amit Patil,16
Sneha Desai,15
Asha Reddy,72
Ravi Verma,46
Asha Gupta,86
Meena Kumar,65
Meena Reddy,12
Anita Sharma,6
Suresh Gupta,51
Vikas Sharma,56
Ravi Naik,17
Amit Joshi,38
Pooja Naik,88
Sneha Gupta,15
Sunita Joshi,74
Suresh Naik,71
Neha Kumar,38
John Patil,34
Pooja Singh,38
Asha Naik,81
Suresh Patil,67
Arjun Desai,45
Priya Naik,0
Sneha Joshi,82
Vikas Patil,30
John Gupta,27
Meena Sharma,5
Rohan Desai,77
Vikas Verma,0
Anita Gupta,40
Meena Joshi,97
Asha Singh,1
Nisha Desai,26
Arjun Sharma,3
Neha Patil,18
Pooja Desai,38
Rohan Gupta,86
Suresh Desai,5
Pooja Kumar,26
Nisha Reddy,94
Sunita Joshi,55
Nisha Gupta,63
Deepak Sharma,76
Kiran Joshi,20
Sneha Sharma,56
Vikas Kumar,84
Arjun Singh,68
Vikas Reddy,84
Anita Kumar,86
Rohan Naik,31
Deepak Naik,55
John Joshi,97
Deepak Reddy,87
Nisha Singh,44
Deepak Singh,30
Amit Reddy,67
Pooja Gupta,43
Arjun Joshi,99
Anita Sharma,49
Anita Singh,70
Sunita Patil,94
Rahul Singh,10
Sneha Sharma,94
Rohan Singh,35
Vikas Singh,58
Pooja Naik,14
Neha Naik,45
Pooja Patil,80
Arjun Singh,13
John Kumar,88
Sneha Gupta,48
Suresh Sharma,100
Ravi Kumar,44
Sneha Joshi,29
John Naik,64
Deepak Singh,13
John Joshi,25
Pooja Verma,35
Rahul Kumar,59
Kavya Singh,80
Sneha Gupta,81
Kiran Reddy,72
Ravi Desai,84
Pooja Patil,69
Meena Sharma,88
Neha Verma,94
Priya Joshi,5
Deepak Joshi,63
Sunita Singh,20
John Patil,8
Pooja Patil,56
Priya Joshi,58
Kavya Kumar,79
Suresh Desai,97
John Sharma,32
Nisha Patil,40
Arjun Naik,70
Sneha Gupta,24
Rahul Singh,67
Anita Verma,100
Pooja Singh,27
John Naik,46
Sneha Singh,24
Arjun Kumar,60
Deepak Reddy,23
Rahul Verma,8
Kiran Joshi,83
Ravi Naik,9
Sunita Verma,7
Amit Kumar,10
John Patil,21
Anita Gupta,24
Arjun Reddy,49
Neha Singh,63
Nisha Verma,9
Priya Naik,96
Neha Gupta,37
Meena Verma,22
Meena Sharma,52
Kiran Patil,35
Asha Singh,78
Nisha Patil,85
Nisha Sharma,24
Deepak Gupta,39
Meena Reddy,55
Kavya Gupta,9
Neha Gupta,16
Suresh Reddy,88
Neha Reddy,28
John Verma,26
Suresh Singh,38
Sunita Reddy,100
Nisha Naik,15
Priya Patil,84
Vikas Singh,70
Pooja Verma,58
Sneha Naik,49
Rahul Patil,41
Rahul Naik,66
Asha Verma,98
Rahul Singh,95
Anita Joshi,41
Anita Naik,21
Arjun Patil,73
Anita Gupta,71
Priya Reddy,35
Nisha Singh,11
Kavya Desai,62
Suresh Singh,52
Deepak Singh,16
Sneha Verma,41
Suresh Patil,99
Pooja Sharma,51
Anita Gupta,33
Rohan Gupta,29
Rahul Patil,41
Deepak Gupta,90
Kavya Naik,46
Pooja Desai,40
Meena Desai,94
Sunita Verma,24
Pooja Verma,45
Rohan Gupta,55
Vikas Kumar,95
Ravi Kumar,2
Meena Kumar,71
Asha Kumar,21
Deepak Verma,44
Vikas Naik,51
John Reddy,61
Amit Joshi,47
Sneha Singh,6
Vikas Reddy,100
Amit Singh,43
Amit Sharma,96
Suresh Desai,75
Amit Naik,42
Vikas Singh,10
Deepak Reddy,99
Meena Joshi,27
Rohan Sharma,22
Meena Patil,30
John Verma,95
Kavya Joshi,21
Sneha Naik,10
Vikas Gupta,94
Suresh Verma,75
John Sharma,24
Amit Gupta,36
Nisha Reddy,80
Priya Joshi,97
John Singh,22
Anita Desai,76
Sneha Joshi,57
Amit Patil,7
Meena Sharma,82
Arjun Reddy,31
John Sharma,50
Deepak Sharma,35
Priya Sharma,92
Amit Naik,28
Rohan Joshi,13
Kavya Joshi,58
Suresh Reddy,64
Suresh Naik,66
Vikas Verma,50
Vikas Joshi,2
Priya Gupta,66
Deepak Patil,98
Rahul Sharma,44
Deepak Verma,76
Arjun Kumar,91
Deepak Gupta,87
Anita Sharma,15
Ravi Verma,51
Meena Gupta,97
Kiran Kumar,42
Asha Naik,24
Kiran Singh,41
Rohan Naik,78
Rohan Sharma,50
Pooja Verma,11
Nisha Joshi,38
Deepak Desai,50
Sunita Reddy,32
Sunita Patil,63
Asha Sharma,68
Ravi Reddy,73
Arjun Gupta,52
Deepak Joshi,61
Pooja Sharma,64
Sneha Singh,24
Rohan Joshi,53
Kiran Reddy,95
Ravi Joshi,51
John Desai,35
Suresh Singh,17
Kavya Reddy,32
Suresh Verma,18
Amit Kumar,55
Deepak Singh,32
Sneha Sharma,28
Arjun Patil,16
Rohan Verma,84
Asha Gupta,71
Nisha Kumar,92
Amit Gupta,50
Deepak Kumar,77
Meena Gupta,65
Anita Sharma,77
Rohan Gupta,18
Rahul Verma,77
Rohan Singh,84
Pooja Naik,35
Deepak Joshi,22
Amit Kumar,36
Priya Reddy,29
Rahul Patil,66
Nisha Joshi,50
Pooja Gupta,25
Rahul Gupta,48
Asha Naik,65
Suresh Naik,66
Asha Singh,96
Arjun Patil,49
Kiran Naik,73
Meena Singh,3
Sunita Sharma,24
Priya Naik,94
Neha Joshi,87
Asha Reddy,0
Sunita Gupta,40
Sunita Singh,38
Sunita Kumar,54
Arjun Naik,73
Kavya Reddy,17
Vikas Verma,36
John Singh,87
Deepak Patil,40
Vikas Gupta,71
Rohan Verma,55
Sneha Desai,4
Vikas Singh,93
Pooja Verma,51
Nisha Gupta,24
Ravi Desai,62
Asha Desai,93
Vikas Singh,88
Meena Patil,43
Ravi Kumar,40
John Sharma,59
Nisha Joshi,48
Ravi Kumar,30
Suresh Patil,34
Kiran Verma,86
Neha Sharma,80
Rohan Singh,22
Nisha Joshi,18
Deepak Naik,62
John Kumar,40
Meena Sharma,94
Ravi Desai,78
Rahul Joshi,30
Asha Kumar,18
Rohan Gupta,72
Neha Joshi,7
Kiran Kumar,78
Vikas Joshi,93
Nisha Singh,83
Meena Naik,98
Neha Desai,98
Neha Kumar,39
Kiran Joshi,87
Neha Naik,17
Nisha Verma,0
Pooja Gupta,13
Suresh Verma,94
Deepak Desai,59
Vikas Gupta,76
Anita Kumar,63
Asha Verma,20
Suresh Desai,33
Rahul Joshi,95
John Joshi,42
Ravi Desai,45
Anita Reddy,65
Suresh Gupta,8
Asha Reddy,68
Rahul Desai,76
Suresh Singh,61
Deepak Singh,96
Kiran Desai,73
Neha Patil,63
Kiran Verma,70
Arjun Joshi,16
Kiran Singh,37
Pooja Desai,14
Asha Desai,84
Anita Gupta,16
Neha Patil,23
Rahul Verma,65
Rohan Singh,88
Vikas Joshi,59
John Desai,99
Sneha Desai,40
Amit Singh,30
Amit Gupta,6
Kiran Gupta,80
Suresh Kumar,92
John Patil,35
Sunita Desai,17
Rahul Desai,63
Sneha Gupta,36
Vikas Naik,77
Sneha Kumar,5
Priya Gupta,17
Arjun Patil,22
Neha Singh,13
Nisha Naik,90
Deepak Verma,35
Nisha Verma,8
Rahul Reddy,51
Suresh Singh,62
Priya Verma,12
Priya Gupta,100
Suresh Joshi,21
Asha Reddy,70
Priya Kumar,51
Pooja Gupta,24
Vikas Singh,7
Amit Naik,10
Ravi Singh,24
Amit Reddy,100
Anita Naik,65
Arjun Verma,97
Sunita Singh,32
Sneha Desai,18
Suresh Joshi,66
Kavya Verma,10
Kavya Sharma,1
Suresh Naik,50
Rohan Sharma,25
Pooja Naik,6
Ravi Naik,1
Priya Joshi,14
Ravi Gupta,94
Pooja Gupta,92
Sunita Verma,45
Meena Kumar,17
Meena Kumar,70
Neha Desai,51
Sunita Reddy,83
Neha Verma,55
Sunita Kumar,79
Kavya Patil,99
Ravi Joshi,26
Sunita Naik,73
Anita Sharma,4
Asha Desai,77
Ravi Naik,81
Asha Naik,39
Sneha Desai,73
Amit Verma,30
Deepak Desai,79
Neha Desai,78
John Singh,32
Amit Desai,98
Kavya Reddy,56
Pooja Patil,40
Kiran Singh,53
Kavya Sharma,93
Pooja Reddy,97
Suresh Verma,38
Anita Kumar,38
Asha Gupta,41
Sneha Gupta,8
Kiran Verma,2
Nisha Naik,99
Sneha Patil,57
Meena Gupta,77
Meena Desai,45
Arjun Gupta,30
Kavya Verma,19
Anita Kumar,14
Rohan Sharma,54
Ravi Sharma,38
Ravi Sharma,73
Anita Naik,42
Priya Verma,22
Amit Joshi,46
Sneha Singh,82
Asha Kumar,23
Kavya Patil,68
Vikas Joshi,24
Arjun Verma,61
Anita Kumar,80
Sunita Gupta,10
Priya Sharma,14
Deepak Verma,36
Rohan Joshi,89
Kiran Sharma,82
Neha Joshi,90
Rahul Reddy,98
Sneha Gupta,4
Meena Desai,15
Suresh Singh,38
Priya Singh,42
Deepak Naik,59
Ravi Naik,48
Amit Verma,46
Anita Verma,60
Amit Verma,38
Rohan Patil,50
Neha Sharma,16
Anita Patil,95
Neha Joshi,70
Anita Kumar,2
Deepak Gupta,65
John Joshi,26
Vikas Desai,39
Meena Desai,24
Priya Patil,44
Asha Patil,92
Meena Kumar,33
Ravi Singh,49
Kavya Gupta,50
Sneha Gupta,29
Kavya Patil,100
Nisha Joshi,38
Sneha Reddy,20
Rohan Desai,66
Kavya Verma,69
Asha Reddy,76
Deepak Naik,99
Rohan Sharma,74
Meena Kumar,64
Amit Patil,18
Kiran Verma,60
Deepak Desai,22
Neha Sharma,47
Arjun Patil,73
Kiran Singh,23
Vikas Gupta,1
Pooja Singh,37
Priya Desai,76
Pooja Singh,94
Deepak Joshi,34
Vikas Sharma,60
Kavya Singh,21
Vikas Naik,61
Rohan Verma,88
Pooja Patil,3
Anita Gupta,16
Sunita Sharma,22
Kiran Kumar,10
Amit Gupta,4
Deepak Singh,39
Arjun Kumar,31
Sneha Sharma,69
Anita Joshi,92
Ravi Gupta,85
Suresh Joshi,69
Ravi Singh,71
Amit Naik,4
Neha Gupta,50
Suresh Reddy,91
Anita Desai,57
Amit Sharma,47
Sunita Reddy,79
Meena Sharma,18
Kavya Sharma,75
Sneha Desai,25
Suresh Sharma,62
Amit Reddy,86
Pooja Kumar,8
Ravi Singh,77
Deepak Singh,34
Priya Desai,3
Ravi Gupta,19
Kavya Kumar,10
Sunita Desai,38
Arjun Patil,26
Kiran Verma,66
Neha Verma,37
Kavya Kumar,32
Amit Reddy,99
Amit Desai,35
Rahul Verma,61
Suresh Kumar,51
John Patil,2
Meena Gupta,87
Kiran Sharma,29
Arjun Singh,88
Pooja Patil,13
Anita Gupta,60
John Patil,75
Meena Kumar,53
Kiran Sharma,25
Vikas Gupta,82
Suresh Joshi,67
Meena Gupta,89
Rohan Verma,67
Neha Reddy,85
Amit Patil,41
Ravi Verma,47
Priya Patil,100
Rahul Gupta,24
Arjun Verma,9
Asha Naik,45
Kavya Joshi,78
Deepak Joshi,85
Deepak Reddy,6
Neha Gupta,50
Anita Sharma,11
Deepak Kumar,8
Rahul Sharma,5
Pooja Desai,50
Asha Patil,3
Amit Sharma,6
Priya Joshi,68
Ravi Verma,18
Sneha Joshi,2
Vikas Singh,3
Arjun Reddy,46
Pooja Naik,91
Neha Sharma,53
Kavya Desai,84
Pooja Desai,26
Sunita Reddy,78
Ravi Joshi,58
Suresh Patil,12
Kavya Reddy,55
Sneha Naik,76
Asha Verma,4
Kavya Desai,81
Sunita Naik,7
Ravi Gupta,62
Neha Verma,88
Arjun Desai,76
Asha Singh,68
Ravi Kumar,20
Meena Reddy,85
Arjun Kumar,1
Amit Naik,37
Kiran Sharma,70
Kiran Kumar,100
Ravi Desai,83
Amit Sharma,24
Suresh Kumar,20
Nisha Sharma,4
Arjun Verma,89
Sneha Gupta,86
Rohan Desai,11
Pooja Joshi,85
Sunita Verma,47
Sneha Verma,4
Suresh Gupta,43
John Joshi,24
Kavya Naik,35
Asha Reddy,77
Sneha Verma,48
John Verma,57
Kavya Joshi,53
Priya Sharma,60
Pooja Kumar,89
Sunita Patil,90
Pooja Singh,22
Anita Desai,18
Vikas Gupta,60
Rohan Reddy,44
Rahul Desai,84
Rohan Verma,55
Ravi Gupta,66
Arjun Patil,61
Kiran Sharma,70
Amit Kumar,85
Nisha Naik,79
Kiran Kumar,30
Anita Sharma,7
Deepak Reddy,73
Priya Desai,29
Rahul Patil,63
John Singh,45
Asha Kumar,14
Arjun Singh,58
Priya Verma,89
Rohan Gupta,3
Meena Patil,88
Vikas Reddy,72
Nisha Kumar,14
Neha Verma,66
Neha Sharma,28
Pooja Desai,38
John Joshi,63
Kiran Sharma,100
Rahul Gupta,94
Rohan Joshi,29
Arjun Sharma,45
Nisha Naik,4
Vikas Reddy,34
Meena Kumar,79
Deepak Reddy,13
Meena Sharma,83
Meena Naik,87
Kiran Patil,58
Rahul Reddy,50
Arjun Singh,89
Rahul Patil,59
Kiran Gupta,7
Rohan Gupta,68
Arjun Singh,31
Suresh Sharma,88
Pooja Reddy,25
Ravi Kumar,1
Vikas Reddy,31
Sunita Sharma,55
Neha Patil,30
Asha Reddy,88
Anita Gupta,89
Sunita Kumar,100
Ravi Sharma,25
John Patil,59
Anita Patil,18
Rahul Desai,27
Sneha Singh,19
Ravi Desai,47
Arjun Joshi,54
Amit Desai,70
Rohan Patil,62
Rohan Reddy,28
Nisha Desai,3
Pooja Singh,95
Neha Singh,25
Sunita Desai,30
Arjun Singh,87
Suresh Desai,59
Neha Patil,33
Nisha Sharma,69
Sneha Patil,96
Amit Patil,59
Rohan Desai,27
Deepak Reddy,95
Nisha Kumar,31
Arjun Desai,65
Kiran Patil,5
Suresh Naik,39
Arjun Sharma,29
Kiran Singh,92
Suresh Patil,48
John Gupta,60
Suresh Verma,43
Rohan Kumar,55
Suresh Verma,7
Vikas Sharma,49
Priya Naik,99
Anita Naik,75
John Verma,70
Nisha Joshi,20
Meena Gupta,74
Priya Naik,22
Sneha Sharma,17
Rohan Desai,8
Amit Joshi,16
Meena Sharma,95
Sunita Gupta,26
John Sharma,80
Vikas Joshi,47
Anita Kumar,29
Meena Verma,63
John Verma,12
Suresh Joshi,53
Vikas Gupta,50
Neha Gupta,23
Anita Reddy,30
Pooja Reddy,68
Rohan Naik,85
Neha Verma,27
Kiran Gupta,19
Priya Singh,8
Priya Kumar,51
Rahul Singh,74
Asha Patil,27
Amit Desai,63
Amit Verma,84
Asha Gupta,82
Neha Sharma,7
Sunita Desai,1
Amit Sharma,85
Rahul Sharma,40
John Patil,88
Anita Naik,68
Suresh Patil,11
Vikas Singh,6
Suresh Kumar,4
Anita Desai,37
Deepak Singh,58
Anita Patil,76
Ravi Kumar,82
Rohan Joshi,26
Arjun Desai,15
Meena Patil,80
Ravi Sharma,3
Nisha Naik,67
Priya Verma,1
Kiran Patil,95
Rahul Singh,95
Amit Sharma,49
Arjun Joshi,55
Anita Naik,0
Neha Sharma,89
Pooja Singh,99
Nisha Kumar,85
Rahul Joshi,11
John Kumar,29
Vikas Sharma,18
Meena Naik,45
Kavya Reddy,37
Meena Naik,62
Kiran Joshi,1
Ravi Naik,68
Rahul Verma,11
Ravi Joshi,18
John Verma,78
Rahul Verma,71
Ravi Desai,89
Sunita Joshi,75
Sneha Naik,45
Anita Kumar,65
Sunita Desai,21
Sneha Verma,86
Ravi Naik,34
Nisha Patil,11
Asha Naik,69
Pooja Verma,57
Amit Naik,69
Rohan Reddy,79
Ravi Naik,74
Sneha Singh,29
Sunita Naik,82
Ravi Joshi,97
Rahul Desai,73
Meena Joshi,43
Deepak Verma,22
Pooja Singh,54
Anita Patil,34
Arjun Patil,99
Nisha Patil,12
Kavya Singh,100
Amit Verma,85
Kavya Verma,80
Sneha Desai,10
Pooja Desai,92
John Naik,40
Pooja Singh,32
John Patil,43
Sunita Sharma,39
Anita Kumar,73
Arjun Desai,33
Priya Singh,16
Vikas Kumar,85
Sunita Singh,13
Arjun Gupta,35
Vikas Gupta,89
Sunita Patil,40
John Patil,88
Amit Sharma,46
Priya Kumar,71
Deepak Desai,90
Deepak Reddy,3
Meena Verma,41
Vikas Gupta,27
Sunita Sharma,4
Sunita Reddy,44
Vikas Verma,7
Sunita Kumar,87
Sunita Gupta,89
Ravi Gupta,91
Vikas Gupta,82
John Gupta,82
Suresh Verma,91
Deepak Kumar,93
Amit Joshi,45
Sneha Verma,3
Sunita Reddy,61
Nisha Singh,30
Nisha Patil,45
Kavya Desai,52
Ravi Naik,65
Sneha Joshi,81
Sunita Verma,57
Arjun Sharma,50
Ravi Reddy,1
Nisha Verma,45
Nisha Reddy,28
Sneha Joshi,4
Vikas Kumar,12
Vikas Joshi,3
Asha Verma,94
Vikas Patil,36
Deepak Gupta,87
Priya Verma,34
Nisha Kumar,61
Meena Joshi,45
Neha Singh,3
Arjun Kumar,75
Asha Naik,31
Asha Naik,21
Ravi Naik,6
Rahul Gupta,11
Sunita Kumar,12
Kavya Singh,20
Rahul Patil,12
Ravi Reddy,7
Sunita Gupta,90
Suresh Reddy,80
Sneha Desai,6
Rahul Reddy,16
Kiran Verma,100
Ravi Gupta,44
Anita Verma,66
Anita Reddy,37
John Sharma,7
Ravi Singh,18
John Verma,46
Neha Joshi,76
Sunita Sharma,95
Anita Singh,65
Nisha Verma,4
Arjun Verma,12
Neha Sharma,27
Nisha Joshi,45
Rahul Naik,69
Rahul Naik,95
Anita Desai,20
Sneha Joshi,97
Deepak Sharma,30
Rahul Joshi,24
Kiran Sharma,47
Arjun Reddy,21
Amit Reddy,37
Deepak Reddy,13
Amit Patil,72
Meena Verma,13
Arjun Joshi,97
Anita Kumar,20
Priya Desai,17
Anita Reddy,85
Sunita Gupta,1
Nisha Gupta,23
Suresh Desai,24
John Verma,58
Neha Desai,44
Sunita Singh,12
Arjun Verma,38
Kavya Sharma,88
John Kumar,93
John Joshi,13
Anita Joshi,4
Amit Reddy,71
Neha Gupta,85
Meena Gupta,51
Rohan Joshi,56
Sneha Sharma,47
Kavya Reddy,83
Suresh Singh,84
Anita Gupta,23
Meena Patil,29
Anita Patil,2
Pooja Gupta,43
Amit Sharma,87
Neha Patil,41
Pooja Verma,28
Suresh Sharma,1
Rahul Sharma,10
Kavya Kumar,73
Priya Singh,97
Amit Patil,92
Deepak Gupta,11
Pooja Desai,46
Rohan Singh,67
Ravi Naik,45
Rahul Sharma,22
Vikas Joshi,43
Amit Reddy,34
Priya Desai,90
Vikas Desai,76
Nisha Joshi,20
John Desai,3
Kiran Verma,75
Arjun Naik,58
Sneha Kumar,16
Meena Kumar,10
Kavya Singh,43
Sneha Gupta,55
Kiran Patil,53
Pooja Patil,91
Sneha Kumar,12
Ravi Sharma,44
Amit Singh,38
Priya Sharma,2
Asha Verma,47
Asha Singh,81
Neha Kumar,22
Nisha Naik,67
Rohan Singh,26
Kavya Desai,19
Deepak Joshi,18
Kavya Desai,81
Sneha Desai,59
Amit Reddy,94
Sunita Desai,47
Amit Kumar,77
Anita Joshi,22
Kiran Kumar,91
Kavya Desai,4
Ravi Patil,42
Meena Desai,98
Meena Singh,75
Deepak Kumar,26
Neha Verma,97
Ravi Naik,79
Meena Naik,96
Arjun Sharma,31
Kavya Singh,8
Priya Verma,40
Sunita Singh,90
Sneha Patil,19
Ravi Desai,57
Nisha Reddy,67
Vikas Patil,41
Asha Joshi,88
Anita Patil,33
Nisha Singh,22
Sunita Desai,41
Kiran Naik,33
Priya Naik,1
Amit Sharma,1
Rohan Desai,71
Kiran Verma,62
Asha Singh,87
Rohan Sharma,26
Neha Joshi,68
Meena Singh,74
Suresh Naik,4
Vikas Desai,4
Sneha Singh,43
Amit Singh,10
Arjun Kumar,20
Kiran Patil,69
Meena Singh,39
Rahul Desai,97
Anita Kumar,22
Nisha Singh,9
Anita Singh,67
Pooja Joshi,80
Suresh Sharma,5
Kiran Patil,41
Ravi Sharma,95
Amit Reddy,24
John Verma,5
Nisha Joshi,72
John Verma,51
Meena Joshi,70
Rahul Sharma,87
Pooja Desai,26
Amit Naik,95
Ravi Sharma,33
Deepak Patil,32
Anita Sharma,0
Kavya Gupta,49
Vikas Verma,16
Kavya Kumar,52
Deepak Singh,66
Sunita Naik,20
Priya Verma,32
Nisha Sharma,84
Deepak Patil,29
Meena Joshi,31
Amit Naik,95
Neha Gupta,60
Kavya Reddy,48
Neha Sharma,94
Rahul Joshi,94
Sneha Naik,96
Arjun Joshi,53
Sunita Verma,50
Pooja Verma,69
Meena Gupta,91
Ravi Joshi,87
Priya Gupta,80
Rahul Reddy,44
Asha Patil,77
Rahul Sharma,13
Priya Desai,74
Suresh Desai,69
